/*
SQLyog Ultimate v12.09 (64 bit)
MySQL - 5.7.22-0ubuntu18.04.1 : Database - store
*********************************************************************
*/

/*!40101 SET NAMES utf8 */;

/*!40101 SET SQL_MODE=''*/;

/*!40014 SET @OLD_UNIQUE_CHECKS=@@UNIQUE_CHECKS, UNIQUE_CHECKS=0 */;
/*!40014 SET @OLD_FOREIGN_KEY_CHECKS=@@FOREIGN_KEY_CHECKS, FOREIGN_KEY_CHECKS=0 */;
/*!40101 SET @OLD_SQL_MODE=@@SQL_MODE, SQL_MODE='NO_AUTO_VALUE_ON_ZERO' */;
/*!40111 SET @OLD_SQL_NOTES=@@SQL_NOTES, SQL_NOTES=0 */;
CREATE DATABASE /*!32312 IF NOT EXISTS*/`store` /*!40100 DEFAULT CHARACTER SET utf8 */;

USE `store`;

/*Table structure for table `admin_menu` */

DROP TABLE IF EXISTS `admin_menu`;

CREATE TABLE `admin_menu` (
  `id` int(10) unsigned NOT NULL AUTO_INCREMENT,
  `parent_id` int(11) NOT NULL DEFAULT '0',
  `order` int(11) NOT NULL DEFAULT '0',
  `title` varchar(50) COLLATE utf8mb4_unicode_ci NOT NULL,
  `icon` varchar(50) COLLATE utf8mb4_unicode_ci NOT NULL,
  `uri` varchar(50) COLLATE utf8mb4_unicode_ci DEFAULT NULL,
  `created_at` timestamp NULL DEFAULT NULL,
  `updated_at` timestamp NULL DEFAULT NULL,
  PRIMARY KEY (`id`)
) ENGINE=InnoDB AUTO_INCREMENT=12 DEFAULT CHARSET=utf8mb4 COLLATE=utf8mb4_unicode_ci;

/*Data for the table `admin_menu` */

insert  into `admin_menu`(`id`,`parent_id`,`order`,`title`,`icon`,`uri`,`created_at`,`updated_at`) values (1,0,1,'首页','fa-bar-chart-o','/',NULL,'2018-09-25 12:30:17'),(2,0,6,'系统管理','fa-tasks',NULL,NULL,'2018-10-12 11:01:58'),(3,2,7,'管理员','fa-users','auth/users',NULL,'2018-10-12 11:01:58'),(4,2,8,'角色','fa-user','auth/roles',NULL,'2018-10-12 11:01:58'),(5,2,9,'权限','fa-ban','auth/permissions',NULL,'2018-10-12 11:01:58'),(6,2,10,'菜单','fa-bars','auth/menu',NULL,'2018-10-12 11:01:58'),(7,2,11,'操作日志','fa-history','auth/logs',NULL,'2018-10-12 11:01:58'),(8,0,2,'用户管理','fa-user','/users','2018-09-25 12:47:58','2018-09-25 15:15:18'),(9,0,3,'商品管理','fa-cubes','/products','2018-09-25 15:14:04','2018-09-25 15:15:18'),(10,0,4,'订单管理','fa-rmb','/orders','2018-10-09 17:11:07','2018-10-09 17:12:36'),(11,0,5,'优惠券管理','fa-tags','/coupon_codes','2018-10-12 11:01:47','2018-10-12 11:01:58');

/*Table structure for table `admin_operation_log` */

DROP TABLE IF EXISTS `admin_operation_log`;

CREATE TABLE `admin_operation_log` (
  `id` int(10) unsigned NOT NULL AUTO_INCREMENT,
  `user_id` int(11) NOT NULL,
  `path` varchar(191) COLLATE utf8mb4_unicode_ci NOT NULL,
  `method` varchar(10) COLLATE utf8mb4_unicode_ci NOT NULL,
  `ip` varchar(15) COLLATE utf8mb4_unicode_ci NOT NULL,
  `input` text COLLATE utf8mb4_unicode_ci NOT NULL,
  `created_at` timestamp NULL DEFAULT NULL,
  `updated_at` timestamp NULL DEFAULT NULL,
  PRIMARY KEY (`id`),
  KEY `admin_operation_log_user_id_index` (`user_id`)
) ENGINE=InnoDB AUTO_INCREMENT=422 DEFAULT CHARSET=utf8mb4 COLLATE=utf8mb4_unicode_ci;

/*Data for the table `admin_operation_log` */

insert  into `admin_operation_log`(`id`,`user_id`,`path`,`method`,`ip`,`input`,`created_at`,`updated_at`) values (1,1,'admin','GET','192.168.10.1','[]','2018-09-25 12:26:32','2018-09-25 12:26:32'),(2,1,'admin','GET','192.168.10.1','[]','2018-09-25 12:27:13','2018-09-25 12:27:13'),(3,1,'admin','GET','192.168.10.1','{\"_pjax\":\"#pjax-container\"}','2018-09-25 12:27:28','2018-09-25 12:27:28'),(4,1,'admin','GET','192.168.10.1','{\"_pjax\":\"#pjax-container\"}','2018-09-25 12:27:30','2018-09-25 12:27:30'),(5,1,'admin','GET','192.168.10.1','{\"_pjax\":\"#pjax-container\"}','2018-09-25 12:27:37','2018-09-25 12:27:37'),(6,1,'admin','GET','192.168.10.1','{\"_pjax\":\"#pjax-container\"}','2018-09-25 12:27:38','2018-09-25 12:27:38'),(7,1,'admin/auth/users','GET','192.168.10.1','{\"_pjax\":\"#pjax-container\"}','2018-09-25 12:27:43','2018-09-25 12:27:43'),(8,1,'admin/auth/users/1','GET','192.168.10.1','{\"_pjax\":\"#pjax-container\"}','2018-09-25 12:27:51','2018-09-25 12:27:51'),(9,1,'admin/auth/users','GET','192.168.10.1','{\"_pjax\":\"#pjax-container\"}','2018-09-25 12:28:02','2018-09-25 12:28:02'),(10,1,'admin/auth/users','GET','192.168.10.1','[]','2018-09-25 12:28:50','2018-09-25 12:28:50'),(11,1,'admin','GET','192.168.10.1','{\"_pjax\":\"#pjax-container\"}','2018-09-25 12:28:52','2018-09-25 12:28:52'),(12,1,'admin/auth/menu','GET','192.168.10.1','{\"_pjax\":\"#pjax-container\"}','2018-09-25 12:29:06','2018-09-25 12:29:06'),(13,1,'admin/auth/menu/3/edit','GET','192.168.10.1','{\"_pjax\":\"#pjax-container\"}','2018-09-25 12:29:14','2018-09-25 12:29:14'),(14,1,'admin/auth/menu','GET','192.168.10.1','{\"_pjax\":\"#pjax-container\"}','2018-09-25 12:29:19','2018-09-25 12:29:19'),(15,1,'admin/auth/menu/1/edit','GET','192.168.10.1','{\"_pjax\":\"#pjax-container\"}','2018-09-25 12:29:34','2018-09-25 12:29:34'),(16,1,'admin/auth/menu/1','PUT','192.168.10.1','{\"parent_id\":\"0\",\"title\":\"\\u9996\\u9875\",\"icon\":\"fa-bar-chart-o\",\"uri\":\"\\/\",\"roles\":[null],\"_token\":\"AgDiTXkjYuaeTmWZxRaTzDOv9pQQAZBbZDU4fHGW\",\"_method\":\"PUT\",\"_previous_\":\"http:\\/\\/store.cn\\/admin\\/auth\\/menu\"}','2018-09-25 12:30:17','2018-09-25 12:30:17'),(17,1,'admin/auth/menu','GET','192.168.10.1','[]','2018-09-25 12:30:17','2018-09-25 12:30:17'),(18,1,'admin/auth/menu','GET','192.168.10.1','[]','2018-09-25 12:30:21','2018-09-25 12:30:21'),(19,1,'admin','GET','192.168.10.1','{\"_pjax\":\"#pjax-container\"}','2018-09-25 12:30:24','2018-09-25 12:30:24'),(20,1,'admin','GET','192.168.10.1','{\"_pjax\":\"#pjax-container\"}','2018-09-25 12:30:26','2018-09-25 12:30:26'),(21,1,'admin/auth/users','GET','192.168.10.1','{\"_pjax\":\"#pjax-container\"}','2018-09-25 12:30:42','2018-09-25 12:30:42'),(22,1,'admin/auth/roles','GET','192.168.10.1','{\"_pjax\":\"#pjax-container\"}','2018-09-25 12:30:43','2018-09-25 12:30:43'),(23,1,'admin/auth/menu','GET','192.168.10.1','{\"_pjax\":\"#pjax-container\"}','2018-09-25 12:30:44','2018-09-25 12:30:44'),(24,1,'admin/auth/menu/2/edit','GET','192.168.10.1','{\"_pjax\":\"#pjax-container\"}','2018-09-25 12:30:49','2018-09-25 12:30:49'),(25,1,'admin/auth/menu/2','PUT','192.168.10.1','{\"parent_id\":\"0\",\"title\":\"\\u7cfb\\u7edf\\u7ba1\\u7406\",\"icon\":\"fa-tasks\",\"uri\":null,\"roles\":[\"1\",null],\"_token\":\"AgDiTXkjYuaeTmWZxRaTzDOv9pQQAZBbZDU4fHGW\",\"_method\":\"PUT\",\"_previous_\":\"http:\\/\\/store.cn\\/admin\\/auth\\/menu\"}','2018-09-25 12:31:00','2018-09-25 12:31:00'),(26,1,'admin/auth/menu','GET','192.168.10.1','[]','2018-09-25 12:31:01','2018-09-25 12:31:01'),(27,1,'admin/auth/menu/3/edit','GET','192.168.10.1','{\"_pjax\":\"#pjax-container\"}','2018-09-25 12:31:12','2018-09-25 12:31:12'),(28,1,'admin/auth/users','GET','192.168.10.1','{\"_pjax\":\"#pjax-container\"}','2018-09-25 12:31:17','2018-09-25 12:31:17'),(29,1,'admin/auth/menu','GET','192.168.10.1','{\"_pjax\":\"#pjax-container\"}','2018-09-25 12:31:20','2018-09-25 12:31:20'),(30,1,'admin/auth/menu/3/edit','GET','192.168.10.1','{\"_pjax\":\"#pjax-container\"}','2018-09-25 12:31:25','2018-09-25 12:31:25'),(31,1,'admin/auth/menu/3','PUT','192.168.10.1','{\"parent_id\":\"2\",\"title\":\"\\u7ba1\\u7406\\u5458\",\"icon\":\"fa-users\",\"uri\":\"auth\\/users\",\"roles\":[null],\"_token\":\"AgDiTXkjYuaeTmWZxRaTzDOv9pQQAZBbZDU4fHGW\",\"_method\":\"PUT\",\"_previous_\":\"http:\\/\\/store.cn\\/admin\\/auth\\/menu\"}','2018-09-25 12:31:37','2018-09-25 12:31:37'),(32,1,'admin/auth/menu','GET','192.168.10.1','[]','2018-09-25 12:31:37','2018-09-25 12:31:37'),(33,1,'admin/auth/menu/4/edit','GET','192.168.10.1','{\"_pjax\":\"#pjax-container\"}','2018-09-25 12:31:45','2018-09-25 12:31:45'),(34,1,'admin/auth/menu/4/edit','GET','192.168.10.1','[]','2018-09-25 12:32:36','2018-09-25 12:32:36'),(35,1,'admin/auth/roles','GET','192.168.10.1','{\"_pjax\":\"#pjax-container\"}','2018-09-25 12:32:43','2018-09-25 12:32:43'),(36,1,'admin/auth/users','GET','192.168.10.1','{\"_pjax\":\"#pjax-container\"}','2018-09-25 12:32:46','2018-09-25 12:32:46'),(37,1,'admin/auth/roles','GET','192.168.10.1','{\"_pjax\":\"#pjax-container\"}','2018-09-25 12:32:49','2018-09-25 12:32:49'),(38,1,'admin/auth/menu','GET','192.168.10.1','{\"_pjax\":\"#pjax-container\"}','2018-09-25 12:46:48','2018-09-25 12:46:48'),(39,1,'admin/auth/menu','POST','192.168.10.1','{\"parent_id\":\"0\",\"title\":\"\\u7528\\u6237\\u7ba1\\u7406\",\"icon\":\"fa-user\",\"uri\":\"\\/users\",\"roles\":[null],\"_token\":\"AgDiTXkjYuaeTmWZxRaTzDOv9pQQAZBbZDU4fHGW\"}','2018-09-25 12:47:58','2018-09-25 12:47:58'),(40,1,'admin/auth/menu','GET','192.168.10.1','[]','2018-09-25 12:47:59','2018-09-25 12:47:59'),(41,1,'admin/auth/menu','GET','192.168.10.1','[]','2018-09-25 12:48:05','2018-09-25 12:48:05'),(42,1,'admin','GET','192.168.10.1','{\"_pjax\":\"#pjax-container\"}','2018-09-25 12:48:08','2018-09-25 12:48:08'),(43,1,'admin/users','GET','192.168.10.1','{\"_pjax\":\"#pjax-container\"}','2018-09-25 12:48:10','2018-09-25 12:48:10'),(44,1,'admin/users','GET','192.168.10.1','[]','2018-09-25 12:48:54','2018-09-25 12:48:54'),(45,1,'admin/users','GET','192.168.10.1','[]','2018-09-25 12:49:36','2018-09-25 12:49:36'),(46,1,'admin/users','GET','192.168.10.1','[]','2018-09-25 12:49:55','2018-09-25 12:49:55'),(47,1,'admin/users','GET','192.168.10.1','[]','2018-09-25 12:50:15','2018-09-25 12:50:15'),(48,1,'admin/users','GET','192.168.10.1','[]','2018-09-25 12:50:25','2018-09-25 12:50:25'),(49,1,'admin/users','GET','192.168.10.1','[]','2018-09-25 12:50:48','2018-09-25 12:50:48'),(50,1,'admin/users','GET','192.168.10.1','[]','2018-09-25 12:51:32','2018-09-25 12:51:32'),(51,1,'admin/users','GET','192.168.10.1','[]','2018-09-25 12:53:20','2018-09-25 12:53:20'),(52,1,'admin/users','GET','192.168.10.1','[]','2018-09-25 12:53:52','2018-09-25 12:53:52'),(53,1,'admin/users','GET','192.168.10.1','[]','2018-09-25 12:58:20','2018-09-25 12:58:20'),(54,1,'admin/users','GET','192.168.10.1','{\"per_page\":\"100\",\"_pjax\":\"#pjax-container\"}','2018-09-25 12:58:29','2018-09-25 12:58:29'),(55,1,'admin/users','GET','192.168.10.1','{\"per_page\":\"100\"}','2018-09-25 12:59:48','2018-09-25 12:59:48'),(56,1,'admin/users','GET','192.168.10.1','{\"per_page\":\"100\",\"_export_\":\"all\"}','2018-09-25 13:00:29','2018-09-25 13:00:29'),(57,1,'admin/users','GET','192.168.10.1','{\"_pjax\":\"#pjax-container\"}','2018-09-25 13:33:01','2018-09-25 13:33:01'),(58,1,'admin/auth/users','GET','192.168.10.1','{\"_pjax\":\"#pjax-container\"}','2018-09-25 13:33:05','2018-09-25 13:33:05'),(59,1,'admin/auth/roles','GET','192.168.10.1','{\"_pjax\":\"#pjax-container\"}','2018-09-25 13:33:12','2018-09-25 13:33:12'),(60,1,'admin/auth/permissions','GET','192.168.10.1','{\"_pjax\":\"#pjax-container\"}','2018-09-25 13:33:13','2018-09-25 13:33:13'),(61,1,'admin/auth/menu','GET','192.168.10.1','{\"_pjax\":\"#pjax-container\"}','2018-09-25 13:33:18','2018-09-25 13:33:18'),(62,1,'admin/auth/permissions','GET','192.168.10.1','{\"_pjax\":\"#pjax-container\"}','2018-09-25 13:33:55','2018-09-25 13:33:55'),(63,1,'admin/auth/permissions/create','GET','192.168.10.1','{\"_pjax\":\"#pjax-container\"}','2018-09-25 13:33:57','2018-09-25 13:33:57'),(64,1,'admin/auth/permissions','POST','192.168.10.1','{\"slug\":\"users\",\"name\":\"\\u7528\\u6237\\u7ba1\\u7406\",\"http_method\":[null],\"http_path\":\"\\/users*\",\"_token\":\"AgDiTXkjYuaeTmWZxRaTzDOv9pQQAZBbZDU4fHGW\",\"_previous_\":\"http:\\/\\/store.cn\\/admin\\/auth\\/permissions\"}','2018-09-25 13:34:35','2018-09-25 13:34:35'),(65,1,'admin/auth/permissions','GET','192.168.10.1','[]','2018-09-25 13:34:35','2018-09-25 13:34:35'),(66,1,'admin/auth/roles','GET','192.168.10.1','{\"_pjax\":\"#pjax-container\"}','2018-09-25 13:34:55','2018-09-25 13:34:55'),(67,1,'admin/auth/roles/create','GET','192.168.10.1','{\"_pjax\":\"#pjax-container\"}','2018-09-25 13:34:58','2018-09-25 13:34:58'),(68,1,'admin/auth/roles','POST','192.168.10.1','{\"slug\":\"caiwu\",\"name\":\"\\u8d22\\u52a1\",\"permissions\":[\"2\",\"3\",\"4\",\"6\",null],\"_token\":\"AgDiTXkjYuaeTmWZxRaTzDOv9pQQAZBbZDU4fHGW\",\"_previous_\":\"http:\\/\\/store.cn\\/admin\\/auth\\/roles\"}','2018-09-25 13:36:38','2018-09-25 13:36:38'),(69,1,'admin/auth/roles','GET','192.168.10.1','[]','2018-09-25 13:36:39','2018-09-25 13:36:39'),(70,1,'admin/auth/users','GET','192.168.10.1','{\"_pjax\":\"#pjax-container\"}','2018-09-25 13:36:57','2018-09-25 13:36:57'),(71,1,'admin/auth/users/create','GET','192.168.10.1','{\"_pjax\":\"#pjax-container\"}','2018-09-25 13:37:02','2018-09-25 13:37:02'),(72,1,'admin/auth/users','POST','192.168.10.1','{\"username\":\"caiwu\",\"name\":\"\\u8d22\\u52a1\",\"password\":\"123456\",\"password_confirmation\":\"123456\",\"roles\":[\"2\",null],\"permissions\":[null],\"_token\":\"AgDiTXkjYuaeTmWZxRaTzDOv9pQQAZBbZDU4fHGW\",\"_previous_\":\"http:\\/\\/store.cn\\/admin\\/auth\\/users\"}','2018-09-25 13:37:53','2018-09-25 13:37:53'),(73,1,'admin/auth/users','GET','192.168.10.1','[]','2018-09-25 13:37:54','2018-09-25 13:37:54'),(74,1,'admin/auth/logout','GET','192.168.10.1','{\"_pjax\":\"#pjax-container\"}','2018-09-25 13:38:06','2018-09-25 13:38:06'),(75,2,'admin','GET','192.168.10.1','[]','2018-09-25 13:38:16','2018-09-25 13:38:16'),(76,2,'admin','GET','192.168.10.1','[]','2018-09-25 13:38:24','2018-09-25 13:38:24'),(77,2,'admin','GET','192.168.10.1','{\"_pjax\":\"#pjax-container\"}','2018-09-25 13:38:29','2018-09-25 13:38:29'),(78,2,'admin','GET','192.168.10.1','{\"_pjax\":\"#pjax-container\"}','2018-09-25 13:38:31','2018-09-25 13:38:31'),(79,2,'admin/auth/setting','GET','192.168.10.1','{\"_pjax\":\"#pjax-container\"}','2018-09-25 13:38:42','2018-09-25 13:38:42'),(80,2,'admin/auth/setting','PUT','192.168.10.1','{\"name\":\"\\u8d22\\u52a1\",\"password\":\"$2y$10$3imDjl4y8loCjV3W\\/RBFCOb0g314w\\/ABN54O9bkiiBURH9pIZYjFy\",\"password_confirmation\":\"$2y$10$3imDjl4y8loCjV3W\\/RBFCOb0g314w\\/ABN54O9bkiiBURH9pIZYjFy\",\"_token\":\"ZSQTjOtTdgSUUuMrD9fnQD04kJblFXBK87EW4nE6\",\"_method\":\"PUT\",\"_previous_\":\"http:\\/\\/store.cn\\/admin\\/\"}','2018-09-25 13:38:54','2018-09-25 13:38:54'),(81,2,'admin/auth/setting','GET','192.168.10.1','[]','2018-09-25 13:38:54','2018-09-25 13:38:54'),(82,2,'admin/auth/setting','GET','192.168.10.1','[]','2018-09-25 13:38:57','2018-09-25 13:38:57'),(83,2,'admin/auth/setting','PUT','192.168.10.1','{\"name\":\"\\u8d22\\u52a1\",\"password\":\"$2y$10$3imDjl4y8loCjV3W\\/RBFCOb0g314w\\/ABN54O9bkiiBURH9pIZYjFy\",\"password_confirmation\":\"$2y$10$3imDjl4y8loCjV3W\\/RBFCOb0g314w\\/ABN54O9bkiiBURH9pIZYjFy\",\"_token\":\"ZSQTjOtTdgSUUuMrD9fnQD04kJblFXBK87EW4nE6\",\"after-save\":\"1\",\"_method\":\"PUT\",\"_previous_\":\"http:\\/\\/store.cn\\/admin\\/auth\\/login\"}','2018-09-25 13:40:58','2018-09-25 13:40:58'),(84,2,'admin/auth/setting','GET','192.168.10.1','[]','2018-09-25 13:40:59','2018-09-25 13:40:59'),(85,2,'admin/auth/logout','GET','192.168.10.1','{\"_pjax\":\"#pjax-container\"}','2018-09-25 13:41:29','2018-09-25 13:41:29'),(86,1,'admin','GET','192.168.10.1','[]','2018-09-25 13:41:46','2018-09-25 13:41:46'),(87,1,'admin','GET','192.168.10.1','{\"_pjax\":\"#pjax-container\"}','2018-09-25 13:51:54','2018-09-25 13:51:54'),(88,1,'admin','GET','192.168.10.1','[]','2018-09-25 13:52:10','2018-09-25 13:52:10'),(89,1,'admin','GET','192.168.10.1','[]','2018-09-25 13:52:25','2018-09-25 13:52:25'),(90,1,'admin','GET','192.168.10.1','[]','2018-09-25 13:53:05','2018-09-25 13:53:05'),(91,1,'admin','GET','192.168.10.1','[]','2018-09-25 13:53:09','2018-09-25 13:53:09'),(92,1,'admin','GET','192.168.10.1','[]','2018-09-25 13:53:22','2018-09-25 13:53:22'),(93,1,'admin','GET','192.168.10.1','[]','2018-09-25 15:13:05','2018-09-25 15:13:05'),(94,1,'admin/auth/menu','GET','192.168.10.1','{\"_pjax\":\"#pjax-container\"}','2018-09-25 15:13:17','2018-09-25 15:13:17'),(95,1,'admin/auth/menu','POST','192.168.10.1','{\"parent_id\":\"0\",\"title\":\"\\u5546\\u54c1\\u7ba1\\u7406\",\"icon\":\"fa-cubes\",\"uri\":\"\\/products\",\"roles\":[null],\"_token\":\"vfPMRdM8ibjLmASE0UokajSvWwynNJVwwrafUUbH\"}','2018-09-25 15:14:04','2018-09-25 15:14:04'),(96,1,'admin/auth/menu','GET','192.168.10.1','[]','2018-09-25 15:14:06','2018-09-25 15:14:06'),(97,1,'admin/auth/menu','GET','192.168.10.1','[]','2018-09-25 15:14:12','2018-09-25 15:14:12'),(98,1,'admin/products','GET','192.168.10.1','{\"_pjax\":\"#pjax-container\"}','2018-09-25 15:14:19','2018-09-25 15:14:19'),(99,1,'admin/users','GET','192.168.10.1','{\"_pjax\":\"#pjax-container\"}','2018-09-25 15:14:33','2018-09-25 15:14:33'),(100,1,'admin/auth/menu','GET','192.168.10.1','{\"_pjax\":\"#pjax-container\"}','2018-09-25 15:14:36','2018-09-25 15:14:36'),(101,1,'admin/auth/menu','POST','192.168.10.1','{\"_token\":\"vfPMRdM8ibjLmASE0UokajSvWwynNJVwwrafUUbH\",\"_order\":\"[{\\\"id\\\":1},{\\\"id\\\":8},{\\\"id\\\":9},{\\\"id\\\":2,\\\"children\\\":[{\\\"id\\\":3},{\\\"id\\\":4},{\\\"id\\\":5},{\\\"id\\\":6},{\\\"id\\\":7}]}]\"}','2018-09-25 15:15:18','2018-09-25 15:15:18'),(102,1,'admin/auth/menu','GET','192.168.10.1','{\"_pjax\":\"#pjax-container\"}','2018-09-25 15:15:21','2018-09-25 15:15:21'),(103,1,'admin/auth/menu','GET','192.168.10.1','[]','2018-09-25 15:15:29','2018-09-25 15:15:29'),(104,1,'admin','GET','192.168.10.1','{\"_pjax\":\"#pjax-container\"}','2018-09-25 15:15:34','2018-09-25 15:15:34'),(105,1,'admin/products','GET','192.168.10.1','{\"_pjax\":\"#pjax-container\"}','2018-09-25 15:15:37','2018-09-25 15:15:37'),(106,1,'admin/products','GET','192.168.10.1','{\"_pjax\":\"#pjax-container\",\"_sort\":{\"column\":\"id\",\"type\":\"desc\"}}','2018-09-25 15:15:43','2018-09-25 15:15:43'),(107,1,'admin/products','GET','192.168.10.1','{\"_pjax\":\"#pjax-container\",\"_sort\":{\"column\":\"id\",\"type\":\"desc\"}}','2018-09-25 15:15:44','2018-09-25 15:15:44'),(108,1,'admin/products','GET','192.168.10.1','{\"_pjax\":\"#pjax-container\",\"_sort\":{\"column\":\"id\",\"type\":\"asc\"}}','2018-09-25 15:15:50','2018-09-25 15:15:50'),(109,1,'admin/products/create','GET','192.168.10.1','{\"_pjax\":\"#pjax-container\"}','2018-09-25 15:52:26','2018-09-25 15:52:26'),(110,1,'admin/products/create','GET','192.168.10.1','[]','2018-09-25 15:53:45','2018-09-25 15:53:45'),(111,1,'admin/products/create','GET','192.168.10.1','[]','2018-09-25 15:54:04','2018-09-25 15:54:04'),(112,1,'admin/products/create','GET','192.168.10.1','[]','2018-09-25 15:54:16','2018-09-25 15:54:16'),(113,1,'admin/products','POST','192.168.10.1','{\"title\":\"\\u624b\\u673a\",\"description\":\"<p>12311111111111111\\u6492\\u963f\\u65af\\u987f\\u6492\\u591a\\u6492\\u5927\\u6240\\u591a\\u6492\\u591a\\u6492\\u591a\\u963f\\u65af\\u987f\\u8428\\u8fbe\\u8428\\u8fbe\\u963f\\u65af\\u987f\\u6492\\u6253\\u5927\\u8428\\u8fbe\\u6492\\u591a\\u963f\\u65af\\u987f\\u6492\\u65e6<\\/p>\",\"on_sale\":\"1\",\"skus\":{\"new_1\":{\"title\":\"\\u7070\\u8272\",\"description\":\"\\u7070\\u8272\",\"price\":\"788888\",\"stock\":\"1000000\",\"id\":null,\"_remove_\":\"0\"},\"new_2\":{\"title\":\"\\u91d1\\u8272\",\"description\":\"\\u91d1\\u8272\",\"price\":\"100\",\"stock\":\"50\",\"id\":null,\"_remove_\":\"0\"}},\"_token\":\"vfPMRdM8ibjLmASE0UokajSvWwynNJVwwrafUUbH\"}','2018-09-25 15:56:58','2018-09-25 15:56:58'),(114,1,'admin/products/create','GET','192.168.10.1','[]','2018-09-25 15:57:00','2018-09-25 15:57:00'),(115,1,'admin/products','POST','192.168.10.1','{\"title\":\"\\u624b\\u673a\",\"description\":\"<p>12311111111111111\\u6492\\u963f\\u65af\\u987f\\u6492\\u591a\\u6492\\u5927\\u6240\\u591a\\u6492\\u591a\\u6492\\u591a\\u963f\\u65af\\u987f\\u8428\\u8fbe\\u8428\\u8fbe\\u963f\\u65af\\u987f\\u6492\\u6253\\u5927\\u8428\\u8fbe\\u6492\\u591a\\u963f\\u65af\\u987f\\u6492\\u65e6<\\/p>\",\"on_sale\":\"1\",\"skus\":{\"new_1\":{\"title\":\"\\u624b\\u673a\",\"description\":\"<p>12311111111111111\\u6492\\u963f\\u65af\\u987f\\u6492\\u591a\\u6492\\u5927\\u6240\\u591a\\u6492\\u591a\\u6492\\u591a\\u963f\\u65af\\u987f\\u8428\\u8fbe\\u8428\\u8fbe\\u963f\\u65af\\u987f\\u6492\\u6253\\u5927\\u8428\\u8fbe\\u6492\\u591a\\u963f\\u65af\\u987f\\u6492\\u65e6<\\/p>\",\"price\":\"788888\",\"stock\":\"1000000\",\"id\":null,\"_remove_\":\"0\"},\"new_2\":{\"title\":\"\\u624b\\u673a\",\"description\":\"<p>12311111111111111\\u6492\\u963f\\u65af\\u987f\\u6492\\u591a\\u6492\\u5927\\u6240\\u591a\\u6492\\u591a\\u6492\\u591a\\u963f\\u65af\\u987f\\u8428\\u8fbe\\u8428\\u8fbe\\u963f\\u65af\\u987f\\u6492\\u6253\\u5927\\u8428\\u8fbe\\u6492\\u591a\\u963f\\u65af\\u987f\\u6492\\u65e6<\\/p>\",\"price\":\"100\",\"stock\":\"50\",\"id\":null,\"_remove_\":\"0\"}},\"_token\":\"vfPMRdM8ibjLmASE0UokajSvWwynNJVwwrafUUbH\"}','2018-09-25 15:58:37','2018-09-25 15:58:37'),(116,1,'admin/products/create','GET','192.168.10.1','[]','2018-09-25 15:58:38','2018-09-25 15:58:38'),(117,1,'admin/products','POST','192.168.10.1','{\"title\":\"\\u624b\\u673a\",\"description\":\"<p>12311111111111111\\u6492\\u963f\\u65af\\u987f\\u6492\\u591a\\u6492\\u5927\\u6240\\u591a\\u6492\\u591a\\u6492\\u591a\\u963f\\u65af\\u987f\\u8428\\u8fbe\\u8428\\u8fbe\\u963f\\u65af\\u987f\\u6492\\u6253\\u5927\\u8428\\u8fbe\\u6492\\u591a\\u963f\\u65af\\u987f\\u6492\\u65e6<\\/p>\",\"on_sale\":\"1\",\"skus\":{\"new_1\":{\"title\":\"\\u624b\\u673a\",\"description\":\"<p>12311111111111111\\u6492\\u963f\\u65af\\u987f\\u6492\\u591a\\u6492\\u5927\\u6240\\u591a\\u6492\\u591a\\u6492\\u591a\\u963f\\u65af\\u987f\\u8428\\u8fbe\\u8428\\u8fbe\\u963f\\u65af\\u987f\\u6492\\u6253\\u5927\\u8428\\u8fbe\\u6492\\u591a\\u963f\\u65af\\u987f\\u6492\\u65e6<\\/p>\",\"price\":\"788888\",\"stock\":\"1000000\",\"id\":null,\"_remove_\":\"0\"},\"new_2\":{\"title\":\"\\u624b\\u673a\",\"description\":\"<p>12311111111111111\\u6492\\u963f\\u65af\\u987f\\u6492\\u591a\\u6492\\u5927\\u6240\\u591a\\u6492\\u591a\\u6492\\u591a\\u963f\\u65af\\u987f\\u8428\\u8fbe\\u8428\\u8fbe\\u963f\\u65af\\u987f\\u6492\\u6253\\u5927\\u8428\\u8fbe\\u6492\\u591a\\u963f\\u65af\\u987f\\u6492\\u65e6<\\/p>\",\"price\":\"100\",\"stock\":\"50\",\"id\":null,\"_remove_\":\"0\"}},\"_token\":\"vfPMRdM8ibjLmASE0UokajSvWwynNJVwwrafUUbH\"}','2018-09-25 15:58:47','2018-09-25 15:58:47'),(118,1,'admin/products','GET','192.168.10.1','[]','2018-09-25 15:58:49','2018-09-25 15:58:49'),(119,1,'admin/products','GET','192.168.10.1','[]','2018-09-25 15:59:01','2018-09-25 15:59:01'),(120,1,'admin/products','GET','192.168.10.1','{\"id\":null,\"_pjax\":\"#pjax-container\"}','2018-09-25 15:59:41','2018-09-25 15:59:41'),(121,1,'admin/products','GET','192.168.10.1','{\"_pjax\":\"#pjax-container\"}','2018-09-25 15:59:51','2018-09-25 15:59:51'),(122,1,'admin/products/1/edit','GET','192.168.10.1','[]','2018-09-25 16:07:12','2018-09-25 16:07:12'),(123,1,'admin','GET','192.168.10.1','[]','2018-09-25 16:07:24','2018-09-25 16:07:24'),(124,1,'admin/products','GET','192.168.10.1','[]','2018-09-25 16:09:43','2018-09-25 16:09:43'),(125,1,'admin/products/1/edit','GET','192.168.10.1','{\"_pjax\":\"#pjax-container\"}','2018-09-25 16:09:52','2018-09-25 16:09:52'),(126,1,'admin/products/1/edit','GET','192.168.10.1','[]','2018-09-25 16:10:04','2018-09-25 16:10:04'),(127,1,'admin/products/1','PUT','192.168.10.1','{\"title\":\"\\u624b\\u673a\",\"description\":\"<p>12311111111111111\\u6492\\u963f\\u65af\\u987f\\u6492\\u591a\\u6492\\u5927\\u6240\\u591a\\u6492\\u591a\\u6492\\u591a\\u963f\\u65af\\u987f\\u8428\\u8fbe\\u8428\\u8fbe\\u963f\\u65af\\u987f\\u6492\\u6253\\u5927\\u8428\\u8fbe\\u6492\\u591a\\u963f\\u65af\\u987f\\u6492\\u65e6<\\/p>\",\"on_sale\":\"1\",\"skus\":{\"1\":{\"title\":\"\\u624b\\u673a\",\"description\":\"<p>12311111111111111\\u6492\\u963f\\u65af\\u987f\\u6492\\u591a\\u6492\\u5927\\u6240\\u591a\\u6492\\u591a\\u6492\\u591a\\u963f\\u65af\\u987f\\u8428\\u8fbe\\u8428\\u8fbe\\u963f\\u65af\\u987f\\u6492\\u6253\\u5927\\u8428\\u8fbe\\u6492\\u591a\\u963f\\u65af\\u987f\\u6492\\u65e6<\\/p>\",\"price\":\"788888.00\",\"stock\":\"1000000\",\"id\":\"1\",\"_remove_\":\"0\"},\"2\":{\"title\":\"\\u624b\\u673a\",\"description\":\"<p>12311111111111111\\u6492\\u963f\\u65af\\u987f\\u6492\\u591a\\u6492\\u5927\\u6240\\u591a\\u6492\\u591a\\u6492\\u591a\\u963f\\u65af\\u987f\\u8428\\u8fbe\\u8428\\u8fbe\\u963f\\u65af\\u987f\\u6492\\u6253\\u5927\\u8428\\u8fbe\\u6492\\u591a\\u963f\\u65af\\u987f\\u6492\\u65e6<\\/p>\",\"price\":\"100.00\",\"stock\":\"50\",\"id\":\"2\",\"_remove_\":\"0\"}},\"_token\":\"vfPMRdM8ibjLmASE0UokajSvWwynNJVwwrafUUbH\",\"_method\":\"PUT\"}','2018-09-25 16:11:44','2018-09-25 16:11:44'),(128,1,'admin/products','GET','192.168.10.1','[]','2018-09-25 16:11:45','2018-09-25 16:11:45'),(129,1,'admin/products/1/edit','GET','192.168.10.1','{\"_pjax\":\"#pjax-container\"}','2018-09-25 16:11:51','2018-09-25 16:11:51'),(130,1,'admin/products/1/edit','GET','192.168.10.1','[]','2018-09-25 16:11:57','2018-09-25 16:11:57'),(131,1,'admin/products/1/edit','GET','192.168.10.1','[]','2018-09-25 16:13:12','2018-09-25 16:13:12'),(132,1,'admin/products/1/edit','GET','192.168.10.1','[]','2018-09-25 16:13:53','2018-09-25 16:13:53'),(133,1,'admin/products/1/edit','GET','192.168.10.1','[]','2018-09-25 16:14:23','2018-09-25 16:14:23'),(134,1,'admin/products/1/edit','GET','192.168.10.1','[]','2018-09-25 16:14:27','2018-09-25 16:14:27'),(135,1,'admin/products/1','PUT','192.168.10.1','{\"title\":\"\\u624b\\u673a\",\"description\":\"<p>12311111111111111\\u6492\\u963f\\u65af\\u987f\\u6492\\u591a\\u6492\\u5927\\u6240\\u591a\\u6492\\u591a\\u6492\\u591a\\u963f\\u65af\\u987f\\u8428\\u8fbe\\u8428\\u8fbe\\u963f\\u65af\\u987f\\u6492\\u6253\\u5927\\u8428\\u8fbe\\u6492\\u591a\\u963f\\u65af\\u987f\\u6492\\u65e6<\\/p>\",\"on_sale\":\"1\",\"skus\":{\"1\":{\"title\":\"\\u624b\\u673a\",\"description\":\"<p>12311111111111111\\u6492\\u963f\\u65af\\u987f\\u6492\\u591a\\u6492\\u5927\\u6240\\u591a\\u6492\\u591a\\u6492\\u591a\\u963f\\u65af\\u987f\\u8428\\u8fbe\\u8428\\u8fbe\\u963f\\u65af\\u987f\\u6492\\u6253\\u5927\\u8428\\u8fbe\\u6492\\u591a\\u963f\\u65af\\u987f\\u6492\\u65e6<\\/p>\",\"price\":\"788888.00\",\"stock\":\"1000000\",\"id\":\"1\",\"_remove_\":\"0\"},\"2\":{\"title\":\"\\u624b\\u673a\",\"description\":\"<p>12311111111111111\\u6492\\u963f\\u65af\\u987f\\u6492\\u591a\\u6492\\u5927\\u6240\\u591a\\u6492\\u591a\\u6492\\u591a\\u963f\\u65af\\u987f\\u8428\\u8fbe\\u8428\\u8fbe\\u963f\\u65af\\u987f\\u6492\\u6253\\u5927\\u8428\\u8fbe\\u6492\\u591a\\u963f\\u65af\\u987f\\u6492\\u65e6<\\/p>\",\"price\":\"100.00\",\"stock\":\"50\",\"id\":\"2\",\"_remove_\":\"0\"}},\"_token\":\"vfPMRdM8ibjLmASE0UokajSvWwynNJVwwrafUUbH\",\"_method\":\"PUT\"}','2018-09-25 16:22:00','2018-09-25 16:22:00'),(136,1,'admin/products/1/edit','GET','192.168.10.1','[]','2018-09-25 16:22:03','2018-09-25 16:22:03'),(137,1,'admin/products/1/edit','GET','192.168.10.1','[]','2018-09-25 16:22:05','2018-09-25 16:22:05'),(138,1,'admin/products/1/edit','GET','192.168.10.1','[]','2018-09-25 16:22:07','2018-09-25 16:22:07'),(139,1,'admin/products/1/edit','GET','192.168.10.1','[]','2018-09-25 16:22:09','2018-09-25 16:22:09'),(140,1,'admin/products/1/edit','GET','192.168.10.1','[]','2018-09-25 16:22:10','2018-09-25 16:22:10'),(141,1,'admin/products/1/edit','GET','192.168.10.1','[]','2018-09-25 16:22:12','2018-09-25 16:22:12'),(142,1,'admin/products/1/edit','GET','192.168.10.1','[]','2018-09-25 16:22:14','2018-09-25 16:22:14'),(143,1,'admin/products/1/edit','GET','192.168.10.1','[]','2018-09-25 16:22:16','2018-09-25 16:22:16'),(144,1,'admin/products/1/edit','GET','192.168.10.1','[]','2018-09-25 16:22:18','2018-09-25 16:22:18'),(145,1,'admin/products/1/edit','GET','192.168.10.1','[]','2018-09-25 16:22:20','2018-09-25 16:22:20'),(146,1,'admin/products/1/edit','GET','192.168.10.1','[]','2018-09-25 16:22:22','2018-09-25 16:22:22'),(147,1,'admin/products/1/edit','GET','192.168.10.1','[]','2018-09-25 16:22:24','2018-09-25 16:22:24'),(148,1,'admin/products/1/edit','GET','192.168.10.1','[]','2018-09-25 16:22:27','2018-09-25 16:22:27'),(149,1,'admin/products/1/edit','GET','192.168.10.1','[]','2018-09-25 16:22:30','2018-09-25 16:22:30'),(150,1,'admin/products/1/edit','GET','192.168.10.1','[]','2018-09-25 16:22:32','2018-09-25 16:22:32'),(151,1,'admin/products/1/edit','GET','192.168.10.1','[]','2018-09-25 16:22:35','2018-09-25 16:22:35'),(152,1,'admin/products/1/edit','GET','192.168.10.1','[]','2018-09-25 16:22:37','2018-09-25 16:22:37'),(153,1,'admin/products/1/edit','GET','192.168.10.1','[]','2018-09-25 16:22:39','2018-09-25 16:22:39'),(154,1,'admin/products/1/edit','GET','192.168.10.1','[]','2018-09-25 16:22:41','2018-09-25 16:22:41'),(155,1,'admin/products/1/edit','GET','192.168.10.1','[]','2018-09-25 16:22:42','2018-09-25 16:22:42'),(156,1,'admin','GET','192.168.10.1','[]','2018-09-25 16:23:24','2018-09-25 16:23:24'),(157,1,'admin/products','GET','192.168.10.1','{\"_pjax\":\"#pjax-container\"}','2018-09-25 16:23:58','2018-09-25 16:23:58'),(158,1,'admin/products/1/edit','GET','192.168.10.1','{\"_pjax\":\"#pjax-container\"}','2018-09-25 16:24:03','2018-09-25 16:24:03'),(159,1,'admin/products/1','PUT','192.168.10.1','{\"title\":\"\\u624b\\u673a\",\"description\":\"<p>12311111111111111\\u6492\\u963f\\u65af\\u987f\\u6492\\u591a\\u6492\\u5927\\u6240\\u591a\\u6492\\u591a\\u6492\\u591a\\u963f\\u65af\\u987f\\u8428\\u8fbe\\u8428\\u8fbe\\u963f\\u65af\\u987f\\u6492\\u6253\\u5927\\u8428\\u8fbe\\u6492\\u591a\\u963f\\u65af\\u987f\\u6492\\u65e6<\\/p>\",\"on_sale\":\"1\",\"skus\":{\"1\":{\"title\":\"\\u624b\\u673a\",\"description\":\"<p>12311111111111111\\u6492\\u963f\\u65af\\u987f\\u6492\\u591a\\u6492\\u5927\\u6240\\u591a\\u6492\\u591a\\u6492\\u591a\\u963f\\u65af\\u987f\\u8428\\u8fbe\\u8428\\u8fbe\\u963f\\u65af\\u987f\\u6492\\u6253\\u5927\\u8428\\u8fbe\\u6492\\u591a\\u963f\\u65af\\u987f\\u6492\\u65e6<\\/p>\",\"price\":\"788888.00\",\"stock\":\"1000000\",\"id\":\"1\",\"_remove_\":\"0\"},\"2\":{\"title\":\"\\u624b\\u673a\",\"description\":\"<p>12311111111111111\\u6492\\u963f\\u65af\\u987f\\u6492\\u591a\\u6492\\u5927\\u6240\\u591a\\u6492\\u591a\\u6492\\u591a\\u963f\\u65af\\u987f\\u8428\\u8fbe\\u8428\\u8fbe\\u963f\\u65af\\u987f\\u6492\\u6253\\u5927\\u8428\\u8fbe\\u6492\\u591a\\u963f\\u65af\\u987f\\u6492\\u65e6<\\/p>\",\"price\":\"100.00\",\"stock\":\"50\",\"id\":\"2\",\"_remove_\":\"0\"}},\"_token\":\"vfPMRdM8ibjLmASE0UokajSvWwynNJVwwrafUUbH\",\"_method\":\"PUT\",\"_previous_\":\"http:\\/\\/store.cn\\/admin\\/products\"}','2018-09-25 16:24:17','2018-09-25 16:24:17'),(160,1,'admin/products','GET','192.168.10.1','[]','2018-09-25 16:24:18','2018-09-25 16:24:18'),(161,1,'admin/products/1/edit','GET','192.168.10.1','{\"_pjax\":\"#pjax-container\"}','2018-09-25 16:24:24','2018-09-25 16:24:24'),(162,1,'admin/products/1','PUT','192.168.10.1','{\"title\":\"\\u624b\\u673a\",\"description\":\"<p>12311111111111111\\u6492\\u963f\\u65af\\u987f\\u6492\\u591a\\u6492\\u5927\\u6240\\u591a\\u6492\\u591a\\u6492\\u591a\\u963f\\u65af\\u987f\\u8428\\u8fbe\\u8428\\u8fbe\\u963f\\u65af\\u987f\\u6492\\u6253\\u5927\\u8428\\u8fbe\\u6492\\u591a\\u963f\\u65af\\u987f\\u6492\\u65e6<img alt=\\\"\\\" src=\\\"http:\\/\\/img1.imgtn.bdimg.com\\/it\\/u=3987445628,2849740857&amp;fm=200&amp;gp=0.jpg\\\" style=\\\"height:350px; width:500px\\\" \\/><\\/p>\",\"on_sale\":\"1\",\"skus\":{\"1\":{\"title\":\"\\u624b\\u673a\",\"description\":\"<p>12311111111111111\\u6492\\u963f\\u65af\\u987f\\u6492\\u591a\\u6492\\u5927\\u6240\\u591a\\u6492\\u591a\\u6492\\u591a\\u963f\\u65af\\u987f\\u8428\\u8fbe\\u8428\\u8fbe\\u963f\\u65af\\u987f\\u6492\\u6253\\u5927\\u8428\\u8fbe\\u6492\\u591a\\u963f\\u65af\\u987f\\u6492\\u65e6<\\/p>\",\"price\":\"788888.00\",\"stock\":\"1000000\",\"id\":\"1\",\"_remove_\":\"0\"},\"2\":{\"title\":\"\\u624b\\u673a\",\"description\":\"<p>12311111111111111\\u6492\\u963f\\u65af\\u987f\\u6492\\u591a\\u6492\\u5927\\u6240\\u591a\\u6492\\u591a\\u6492\\u591a\\u963f\\u65af\\u987f\\u8428\\u8fbe\\u8428\\u8fbe\\u963f\\u65af\\u987f\\u6492\\u6253\\u5927\\u8428\\u8fbe\\u6492\\u591a\\u963f\\u65af\\u987f\\u6492\\u65e6<\\/p>\",\"price\":\"100.00\",\"stock\":\"50\",\"id\":\"2\",\"_remove_\":\"0\"}},\"_token\":\"vfPMRdM8ibjLmASE0UokajSvWwynNJVwwrafUUbH\",\"_method\":\"PUT\",\"_previous_\":\"http:\\/\\/store.cn\\/admin\\/products\"}','2018-09-25 16:26:10','2018-09-25 16:26:10'),(163,1,'admin/products','GET','192.168.10.1','[]','2018-09-25 16:26:11','2018-09-25 16:26:11'),(164,1,'admin/products/1/edit','GET','192.168.10.1','{\"_pjax\":\"#pjax-container\"}','2018-09-25 16:26:17','2018-09-25 16:26:17'),(165,1,'admin','GET','192.168.10.1','{\"_pjax\":\"#pjax-container\"}','2018-09-25 16:26:25','2018-09-25 16:26:25'),(166,1,'admin/products/1/edit','GET','192.168.10.1','{\"_pjax\":\"#pjax-container\"}','2018-09-25 16:30:54','2018-09-25 16:30:54'),(167,1,'admin','GET','192.168.10.1','[]','2018-09-25 16:52:37','2018-09-25 16:52:37'),(168,1,'admin/products','GET','192.168.10.1','{\"_pjax\":\"#pjax-container\"}','2018-09-25 16:55:05','2018-09-25 16:55:05'),(169,1,'admin/products/1/edit','GET','192.168.10.1','[]','2018-09-25 16:58:53','2018-09-25 16:58:53'),(170,1,'admin/products/1/edit','GET','192.168.10.1','[]','2018-09-25 17:00:05','2018-09-25 17:00:05'),(171,1,'admin/products/1/edit','GET','192.168.10.1','[]','2018-09-25 17:00:22','2018-09-25 17:00:22'),(172,1,'admin/products/1/edit','GET','192.168.10.1','[]','2018-09-25 17:00:48','2018-09-25 17:00:48'),(173,1,'admin/products/1','PUT','192.168.10.1','{\"title\":\"\\u624b\\u673a\",\"on_sale\":\"1\",\"skus\":{\"1\":{\"title\":\"\\u624b\\u673a\",\"description\":\"<p>12311111111111111\\u6492\\u963f\\u65af\\u987f\\u6492\\u591a\\u6492\\u5927\\u6240\\u591a\\u6492\\u591a\\u6492\\u591a\\u963f\\u65af\\u987f\\u8428\\u8fbe\\u8428\\u8fbe\\u963f\\u65af\\u987f\\u6492\\u6253\\u5927\\u8428\\u8fbe\\u6492\\u591a\\u963f\\u65af\\u987f\\u6492\\u65e6<\\/p>\",\"price\":\"788888.00\",\"stock\":\"1000000\",\"id\":\"1\",\"_remove_\":\"0\"},\"2\":{\"title\":\"\\u624b\\u673a\",\"description\":\"<p>12311111111111111\\u6492\\u963f\\u65af\\u987f\\u6492\\u591a\\u6492\\u5927\\u6240\\u591a\\u6492\\u591a\\u6492\\u591a\\u963f\\u65af\\u987f\\u8428\\u8fbe\\u8428\\u8fbe\\u963f\\u65af\\u987f\\u6492\\u6253\\u5927\\u8428\\u8fbe\\u6492\\u591a\\u963f\\u65af\\u987f\\u6492\\u65e6<\\/p>\",\"price\":\"100.00\",\"stock\":\"50\",\"id\":\"2\",\"_remove_\":\"0\"}},\"_token\":\"vfPMRdM8ibjLmASE0UokajSvWwynNJVwwrafUUbH\",\"_method\":\"PUT\",\"_previous_\":\"http:\\/\\/store.cn\\/admin\\/products\"}','2018-09-25 17:01:15','2018-09-25 17:01:15'),(174,1,'admin/products','GET','192.168.10.1','[]','2018-09-25 17:01:16','2018-09-25 17:01:16'),(175,1,'admin/products/1/edit','GET','192.168.10.1','{\"_pjax\":\"#pjax-container\"}','2018-09-25 17:01:22','2018-09-25 17:01:22'),(176,1,'admin/products/1/edit','GET','192.168.10.1','[]','2018-09-25 17:05:34','2018-09-25 17:05:34'),(177,1,'admin/products/1/edit','GET','192.168.10.1','[]','2018-09-25 17:14:14','2018-09-25 17:14:14'),(178,1,'admin/products/1','PUT','192.168.10.1','{\"title\":\"\\u624b\\u673a\",\"content\":\"<p>\\u963f\\u8428\\u8fbe\\u8428\\u5fb7\\u548c\\u56fd\\u5bb6\\u7684\\u5feb\\u611f\\u65f6\\u95f4\\u554a\\u770b\\u5927\\u516c\\u9e21\\u8428\\u514b\\u96f7\\u5b64\\u72ec\\u70c8\\u9152\\u5361\\u8428\\u4e01\\u516c\\u4ea4\\u5361\\u6492\\u8001\\u5927\\u54e5\\u6492\\u65e6\\u6492\\u5373\\u53ef\\u8001\\u5927\\u54e5\\u5565\\u90fd\\u79bb\\u5f00\\u5bb6\\u963f\\u65af\\u987f\\u6492\\u53ef\\u6fc0\\u70c8\\u7684\\u6492<br\\/><\\/p><p><img src=\\\"\\/uploads\\/ueditor\\/php\\/upload\\/image\\/20180925\\/1537866886457859.jpeg\\\" title=\\\"1537866886457859.jpeg\\\"\\/><\\/p><p><img src=\\\"\\/uploads\\/ueditor\\/php\\/upload\\/image\\/20180925\\/1537866886213673.jpeg\\\" title=\\\"1537866886213673.jpeg\\\"\\/><\\/p><p><img src=\\\"\\/uploads\\/ueditor\\/php\\/upload\\/image\\/20180925\\/1537866886347215.jpeg\\\" title=\\\"1537866886347215.jpeg\\\"\\/><\\/p><p><br\\/><\\/p>\",\"on_sale\":\"1\",\"skus\":{\"1\":{\"title\":\"\\u624b\\u673a\",\"description\":\"<p>12311111111111111\\u6492\\u963f\\u65af\\u987f\\u6492\\u591a\\u6492\\u5927\\u6240\\u591a\\u6492\\u591a\\u6492\\u591a\\u963f\\u65af\\u987f\\u8428\\u8fbe\\u8428\\u8fbe\\u963f\\u65af\\u987f\\u6492\\u6253\\u5927\\u8428\\u8fbe\\u6492\\u591a\\u963f\\u65af\\u987f\\u6492\\u65e6<\\/p>\",\"price\":\"788888.00\",\"stock\":\"1000000\",\"id\":\"1\",\"_remove_\":\"0\"},\"2\":{\"title\":\"\\u624b\\u673a\",\"description\":\"<p>12311111111111111\\u6492\\u963f\\u65af\\u987f\\u6492\\u591a\\u6492\\u5927\\u6240\\u591a\\u6492\\u591a\\u6492\\u591a\\u963f\\u65af\\u987f\\u8428\\u8fbe\\u8428\\u8fbe\\u963f\\u65af\\u987f\\u6492\\u6253\\u5927\\u8428\\u8fbe\\u6492\\u591a\\u963f\\u65af\\u987f\\u6492\\u65e6<\\/p>\",\"price\":\"100.00\",\"stock\":\"50\",\"id\":\"2\",\"_remove_\":\"0\"}},\"_token\":\"vfPMRdM8ibjLmASE0UokajSvWwynNJVwwrafUUbH\",\"_method\":\"PUT\",\"_previous_\":\"http:\\/\\/store.cn\\/admin\\/products\"}','2018-09-25 17:14:52','2018-09-25 17:14:52'),(179,1,'admin/products/1/edit','GET','192.168.10.1','[]','2018-09-25 17:14:55','2018-09-25 17:14:55'),(180,1,'admin/products/1','PUT','192.168.10.1','{\"title\":\"\\u624b\\u673a\",\"content\":\"<p>\\u963f\\u8428\\u8fbe\\u8428\\u5fb7\\u548c\\u56fd\\u5bb6\\u7684\\u5feb\\u611f\\u65f6\\u95f4\\u554a\\u770b\\u5927\\u516c\\u9e21\\u8428\\u514b\\u96f7\\u5b64\\u72ec\\u70c8\\u9152\\u5361\\u8428\\u4e01\\u516c\\u4ea4\\u5361\\u6492\\u8001\\u5927\\u54e5\\u6492\\u65e6\\u6492\\u5373\\u53ef\\u8001\\u5927\\u54e5\\u5565\\u90fd\\u79bb\\u5f00\\u5bb6\\u963f\\u65af\\u987f\\u6492\\u53ef\\u6fc0\\u70c8\\u7684\\u6492<br\\/><\\/p><p><img src=\\\"\\/uploads\\/ueditor\\/php\\/upload\\/image\\/20180925\\/1537866886457859.jpeg\\\" title=\\\"1537866886457859.jpeg\\\"\\/><\\/p><p><img src=\\\"\\/uploads\\/ueditor\\/php\\/upload\\/image\\/20180925\\/1537866886213673.jpeg\\\" title=\\\"1537866886213673.jpeg\\\"\\/><\\/p><p><img src=\\\"\\/uploads\\/ueditor\\/php\\/upload\\/image\\/20180925\\/1537866886347215.jpeg\\\" title=\\\"1537866886347215.jpeg\\\"\\/><\\/p><p><br\\/><\\/p>\",\"on_sale\":\"1\",\"skus\":{\"1\":{\"title\":\"\\u624b\\u673a\",\"description\":\"<p>12311111111111111\\u6492\\u963f\\u65af\\u987f\\u6492\\u591a\\u6492\\u5927\\u6240\\u591a\\u6492\\u591a\\u6492\\u591a\\u963f\\u65af\\u987f\\u8428\\u8fbe\\u8428\\u8fbe\\u963f\\u65af\\u987f\\u6492\\u6253\\u5927\\u8428\\u8fbe\\u6492\\u591a\\u963f\\u65af\\u987f\\u6492\\u65e6<\\/p>\",\"price\":\"788888.00\",\"stock\":\"1000000\",\"id\":\"1\",\"_remove_\":\"0\"},\"2\":{\"title\":\"\\u624b\\u673a\",\"description\":\"<p>12311111111111111\\u6492\\u963f\\u65af\\u987f\\u6492\\u591a\\u6492\\u5927\\u6240\\u591a\\u6492\\u591a\\u6492\\u591a\\u963f\\u65af\\u987f\\u8428\\u8fbe\\u8428\\u8fbe\\u963f\\u65af\\u987f\\u6492\\u6253\\u5927\\u8428\\u8fbe\\u6492\\u591a\\u963f\\u65af\\u987f\\u6492\\u65e6<\\/p>\",\"price\":\"100.00\",\"stock\":\"50\",\"id\":\"2\",\"_remove_\":\"0\"}},\"_token\":\"vfPMRdM8ibjLmASE0UokajSvWwynNJVwwrafUUbH\",\"_method\":\"PUT\"}','2018-09-25 17:15:21','2018-09-25 17:15:21'),(181,1,'admin/products','GET','192.168.10.1','[]','2018-09-25 17:15:22','2018-09-25 17:15:22'),(182,1,'admin/products/1/edit','GET','192.168.10.1','{\"_pjax\":\"#pjax-container\"}','2018-09-25 17:15:27','2018-09-25 17:15:27'),(183,1,'admin/products/1','PUT','192.168.10.1','{\"title\":\"\\u624b\\u673a\",\"description\":\"<p>12311111111111111\\u6492\\u963f\\u65af\\u987f\\u6492\\u591a\\u6492\\u5927\\u6240\\u591a\\u6492\\u591a\\u6492\\u591a\\u963f\\u65af\\u987f\\u8428\\u8fbe\\u8428\\u8fbe\\u963f\\u65af\\u987f\\u6492\\u6253\\u5927\\u8428\\u8fbe\\u6492\\u591a\\u963f\\u65af\\u987f\\u6492\\u65e6<img alt=\\\"\\\" src=\\\"http:\\/\\/img1.imgtn.bdimg.com\\/it\\/u=3987445628,2849740857&fm=200&gp=0.jpg\\\"\\/><\\/p>\",\"on_sale\":\"1\",\"skus\":{\"1\":{\"title\":\"\\u624b\\u673a\",\"description\":\"<p>12311111111111111\\u6492\\u963f\\u65af\\u987f\\u6492\\u591a\\u6492\\u5927\\u6240\\u591a\\u6492\\u591a\\u6492\\u591a\\u963f\\u65af\\u987f\\u8428\\u8fbe\\u8428\\u8fbe\\u963f\\u65af\\u987f\\u6492\\u6253\\u5927\\u8428\\u8fbe\\u6492\\u591a\\u963f\\u65af\\u987f\\u6492\\u65e6<\\/p>\",\"price\":\"788888.00\",\"stock\":\"1000000\",\"id\":\"1\",\"_remove_\":\"0\"},\"2\":{\"title\":\"\\u624b\\u673a\",\"description\":\"<p>12311111111111111\\u6492\\u963f\\u65af\\u987f\\u6492\\u591a\\u6492\\u5927\\u6240\\u591a\\u6492\\u591a\\u6492\\u591a\\u963f\\u65af\\u987f\\u8428\\u8fbe\\u8428\\u8fbe\\u963f\\u65af\\u987f\\u6492\\u6253\\u5927\\u8428\\u8fbe\\u6492\\u591a\\u963f\\u65af\\u987f\\u6492\\u65e6<\\/p>\",\"price\":\"100.00\",\"stock\":\"50\",\"id\":\"2\",\"_remove_\":\"0\"}},\"_token\":\"vfPMRdM8ibjLmASE0UokajSvWwynNJVwwrafUUbH\",\"_method\":\"PUT\",\"_previous_\":\"http:\\/\\/store.cn\\/admin\\/products\"}','2018-09-25 17:15:47','2018-09-25 17:15:47'),(184,1,'admin/products','GET','192.168.10.1','[]','2018-09-25 17:15:48','2018-09-25 17:15:48'),(185,1,'admin/products/1/edit','GET','192.168.10.1','{\"_pjax\":\"#pjax-container\"}','2018-09-25 17:15:52','2018-09-25 17:15:52'),(186,1,'admin/products/1','PUT','192.168.10.1','{\"title\":\"\\u624b\\u673a\",\"description\":\"<p>12311111111111111\\u6492\\u963f\\u65af\\u987f\\u6492\\u591a\\u6492\\u5927\\u6240\\u591a\\u6492\\u591a\\u6492\\u591a\\u963f\\u65af\\u987f\\u8428\\u8fbe\\u8428\\u8fbe\\u963f\\u65af\\u987f\\u6492\\u6253\\u5927\\u8428\\u8fbe\\u6492\\u591a\\u963f\\u65af\\u987f\\u6492\\u65e6<img alt=\\\"\\\" src=\\\"http:\\/\\/img1.imgtn.bdimg.com\\/it\\/u=3987445628,2849740857&fm=200&gp=0.jpg\\\"\\/><\\/p>\",\"on_sale\":\"1\",\"skus\":{\"1\":{\"title\":\"\\u624b\\u673a\",\"description\":\"<p>12311111111111111\\u6492\\u963f\\u65af\\u987f\\u6492\\u591a\\u6492\\u5927\\u6240\\u591a\\u6492\\u591a\\u6492\\u591a\\u963f\\u65af\\u987f\\u8428\\u8fbe\\u8428\\u8fbe\\u963f\\u65af\\u987f\\u6492\\u6253\\u5927\\u8428\\u8fbe\\u6492\\u591a\\u963f\\u65af\\u987f\\u6492\\u65e6<\\/p>\",\"price\":\"788888.00\",\"stock\":\"1000000\",\"id\":\"1\",\"_remove_\":\"0\"},\"2\":{\"title\":\"\\u624b\\u673a\",\"description\":\"<p>12311111111111111\\u6492\\u963f\\u65af\\u987f\\u6492\\u591a\\u6492\\u5927\\u6240\\u591a\\u6492\\u591a\\u6492\\u591a\\u963f\\u65af\\u987f\\u8428\\u8fbe\\u8428\\u8fbe\\u963f\\u65af\\u987f\\u6492\\u6253\\u5927\\u8428\\u8fbe\\u6492\\u591a\\u963f\\u65af\\u987f\\u6492\\u65e6<\\/p>\",\"price\":\"100.00\",\"stock\":\"50\",\"id\":\"2\",\"_remove_\":\"0\"}},\"_token\":\"vfPMRdM8ibjLmASE0UokajSvWwynNJVwwrafUUbH\",\"_method\":\"PUT\",\"_previous_\":\"http:\\/\\/store.cn\\/admin\\/products\"}','2018-09-25 17:16:03','2018-09-25 17:16:03'),(187,1,'admin/products','GET','192.168.10.1','[]','2018-09-25 17:16:04','2018-09-25 17:16:04'),(188,1,'admin/products/1/edit','GET','192.168.10.1','{\"_pjax\":\"#pjax-container\"}','2018-09-25 17:16:08','2018-09-25 17:16:08'),(189,1,'admin/products/1','PUT','192.168.10.1','{\"title\":\"\\u624b\\u673a\",\"description\":\"<p>12311111111111111\\u6492\\u963f\\u65af\\u987f\\u6492\\u591a\\u6492\\u5927\\u6240\\u591a\\u6492\\u591a\\u6492\\u591a\\u963f\\u65af\\u987f\\u8428\\u8fbe\\u8428\\u8fbe\\u963f\\u65af\\u987f\\u6492\\u6253\\u5927\\u8428\\u8fbe\\u6492\\u591a\\u963f\\u65af\\u987f\\u6492\\u65e6<img alt=\\\"\\\" src=\\\"http:\\/\\/img1.imgtn.bdimg.com\\/it\\/u=3987445628,2849740857&fm=200&gp=0.jpg\\\"\\/><\\/p><p>\\u8303\\u5fb7\\u8428\\u8303\\u5fb7\\u8428\\u53d1 \\u7b2c\\u4e09\\u65b9\\u7b2c\\u4e09\\u65b9\\u7b2c\\u4e09\\u65b9\\u591a\\u5c11\\u5730\\u65b9\\u5e08\\u5fb7\\u5e08\\u98ce<\\/p>\",\"on_sale\":\"1\",\"skus\":{\"1\":{\"title\":\"\\u624b\\u673a\",\"description\":\"<p>12311111111111111\\u6492\\u963f\\u65af\\u987f\\u6492\\u591a\\u6492\\u5927\\u6240\\u591a\\u6492\\u591a\\u6492\\u591a\\u963f\\u65af\\u987f\\u8428\\u8fbe\\u8428\\u8fbe\\u963f\\u65af\\u987f\\u6492\\u6253\\u5927\\u8428\\u8fbe\\u6492\\u591a\\u963f\\u65af\\u987f\\u6492\\u65e6<\\/p>\",\"price\":\"788888.00\",\"stock\":\"1000000\",\"id\":\"1\",\"_remove_\":\"0\"},\"2\":{\"title\":\"\\u624b\\u673a\",\"description\":\"<p>12311111111111111\\u6492\\u963f\\u65af\\u987f\\u6492\\u591a\\u6492\\u5927\\u6240\\u591a\\u6492\\u591a\\u6492\\u591a\\u963f\\u65af\\u987f\\u8428\\u8fbe\\u8428\\u8fbe\\u963f\\u65af\\u987f\\u6492\\u6253\\u5927\\u8428\\u8fbe\\u6492\\u591a\\u963f\\u65af\\u987f\\u6492\\u65e6<\\/p>\",\"price\":\"100.00\",\"stock\":\"50\",\"id\":\"2\",\"_remove_\":\"0\"}},\"_token\":\"vfPMRdM8ibjLmASE0UokajSvWwynNJVwwrafUUbH\",\"_method\":\"PUT\",\"_previous_\":\"http:\\/\\/store.cn\\/admin\\/products\"}','2018-09-25 17:16:18','2018-09-25 17:16:18'),(190,1,'admin/products','GET','192.168.10.1','[]','2018-09-25 17:16:20','2018-09-25 17:16:20'),(191,1,'admin/products/1/edit','GET','192.168.10.1','{\"_pjax\":\"#pjax-container\"}','2018-09-25 17:16:24','2018-09-25 17:16:24'),(192,1,'admin/products/1','PUT','192.168.10.1','{\"title\":\"\\u624b\\u673a\",\"description\":\"<p>12311111111111111\\u6492\\u963f\\u65af\\u987f\\u6492\\u591a\\u6492\\u5927\\u6240\\u591a\\u6492\\u591a\\u6492\\u591a\\u963f\\u65af\\u987f\\u8428\\u8fbe\\u8428\\u8fbe\\u963f\\u65af\\u987f\\u6492\\u6253\\u5927\\u8428\\u8fbe\\u6492\\u591a\\u963f\\u65af\\u987f\\u6492\\u65e6<img alt=\\\"\\\" src=\\\"http:\\/\\/img1.imgtn.bdimg.com\\/it\\/u=3987445628,2849740857&fm=200&gp=0.jpg\\\"\\/><\\/p><p>\\u8303\\u5fb7\\u8428\\u8303\\u5fb7\\u8428\\u53d1 \\u7b2c\\u4e09\\u65b9\\u7b2c\\u4e09\\u65b9\\u7b2c\\u4e09\\u65b9\\u591a\\u5c11\\u5730\\u65b9\\u5e08\\u5fb7\\u5e08\\u98ce<\\/p><p><img src=\\\"\\/uploads\\/ueditor\\/php\\/upload\\/image\\/20180925\\/1537866886213673.jpeg\\\" alt=\\\"1537866886213673.jpeg\\\" width=\\\"704\\\" height=\\\"481\\\"\\/><\\/p>\",\"on_sale\":\"1\",\"skus\":{\"1\":{\"title\":\"\\u624b\\u673a\",\"description\":\"<p>12311111111111111\\u6492\\u963f\\u65af\\u987f\\u6492\\u591a\\u6492\\u5927\\u6240\\u591a\\u6492\\u591a\\u6492\\u591a\\u963f\\u65af\\u987f\\u8428\\u8fbe\\u8428\\u8fbe\\u963f\\u65af\\u987f\\u6492\\u6253\\u5927\\u8428\\u8fbe\\u6492\\u591a\\u963f\\u65af\\u987f\\u6492\\u65e6<\\/p>\",\"price\":\"788888.00\",\"stock\":\"1000000\",\"id\":\"1\",\"_remove_\":\"0\"},\"2\":{\"title\":\"\\u624b\\u673a\",\"description\":\"<p>12311111111111111\\u6492\\u963f\\u65af\\u987f\\u6492\\u591a\\u6492\\u5927\\u6240\\u591a\\u6492\\u591a\\u6492\\u591a\\u963f\\u65af\\u987f\\u8428\\u8fbe\\u8428\\u8fbe\\u963f\\u65af\\u987f\\u6492\\u6253\\u5927\\u8428\\u8fbe\\u6492\\u591a\\u963f\\u65af\\u987f\\u6492\\u65e6<\\/p>\",\"price\":\"100.00\",\"stock\":\"50\",\"id\":\"2\",\"_remove_\":\"0\"}},\"_token\":\"vfPMRdM8ibjLmASE0UokajSvWwynNJVwwrafUUbH\",\"_method\":\"PUT\",\"_previous_\":\"http:\\/\\/store.cn\\/admin\\/products\"}','2018-09-25 17:20:36','2018-09-25 17:20:36'),(193,1,'admin/products','GET','192.168.10.1','[]','2018-09-25 17:20:37','2018-09-25 17:20:37'),(194,1,'admin/products/1/edit','GET','192.168.10.1','{\"_pjax\":\"#pjax-container\"}','2018-09-25 17:20:41','2018-09-25 17:20:41'),(195,1,'admin/products','GET','192.168.10.1','{\"_pjax\":\"#pjax-container\"}','2018-09-25 17:20:53','2018-09-25 17:20:53'),(196,1,'admin','GET','192.168.10.1','[]','2018-09-27 16:08:11','2018-09-27 16:08:11'),(197,1,'admin/products','GET','192.168.10.1','{\"_pjax\":\"#pjax-container\"}','2018-09-27 16:08:20','2018-09-27 16:08:20'),(198,1,'admin/products/14/edit','GET','192.168.10.1','{\"_pjax\":\"#pjax-container\"}','2018-09-27 16:08:37','2018-09-27 16:08:37'),(199,1,'admin/products/14','PUT','192.168.10.1','{\"title\":\"est\",\"description\":\"<p>&nbsp; &nbsp; &nbsp; &nbsp; &nbsp; &nbsp;Minima quos animi distinctio amet.\\r\\n &nbsp; &nbsp; &nbsp; &nbsp;<\\/p>\",\"on_sale\":\"0\",\"skus\":{\"40\":{\"title\":\"ut\",\"description\":\"Maxime placeat exercitationem neque eaque aliquam vel repellat optio.\",\"price\":\"8593.00\",\"stock\":\"28216\",\"id\":\"40\",\"_remove_\":\"0\"},\"41\":{\"title\":\"quia\",\"description\":\"Occaecati quod molestias est dolores aperiam laudantium excepturi cum.\",\"price\":\"7547.00\",\"stock\":\"2054\",\"id\":\"41\",\"_remove_\":\"0\"},\"42\":{\"title\":\"neque\",\"description\":\"Enim aut modi nisi tenetur maiores voluptatem.\",\"price\":\"4170.00\",\"stock\":\"79578\",\"id\":\"42\",\"_remove_\":\"0\"}},\"_token\":\"JvGCXKLzTuvMLKD8Nvl8dNjuh9OnYy5bygxursHj\",\"_method\":\"PUT\",\"_previous_\":\"http:\\/\\/store.cn\\/admin\\/products\"}','2018-09-27 16:08:47','2018-09-27 16:08:47'),(200,1,'admin/products','GET','192.168.10.1','[]','2018-09-27 16:08:48','2018-09-27 16:08:48'),(201,1,'admin/products/1/edit','GET','192.168.10.1','{\"_pjax\":\"#pjax-container\"}','2018-09-27 16:10:40','2018-09-27 16:10:40'),(202,1,'admin/products/1','PUT','192.168.10.1','{\"title\":\"quo\",\"description\":\"<p>&nbsp; &nbsp; &nbsp; &nbsp; &nbsp; &nbsp;Molestiae iure itaque quod provident.\\r\\n &nbsp; &nbsp; &nbsp; &nbsp;<\\/p>\",\"on_sale\":\"0\",\"skus\":{\"1\":{\"title\":\"ut\",\"description\":\"A totam iusto dolor qui nihil vel qui.\",\"price\":\"4128.00\",\"stock\":\"95836\",\"id\":\"1\",\"_remove_\":\"0\"},\"2\":{\"title\":\"delectus\",\"description\":\"Necessitatibus sed optio quas consequatur dignissimos nemo.\",\"price\":\"6003.00\",\"stock\":\"96845\",\"id\":\"2\",\"_remove_\":\"0\"},\"3\":{\"title\":\"iure\",\"description\":\"Esse dignissimos fugiat velit ad minus quod.\",\"price\":\"7094.00\",\"stock\":\"64618\",\"id\":\"3\",\"_remove_\":\"0\"}},\"_token\":\"JvGCXKLzTuvMLKD8Nvl8dNjuh9OnYy5bygxursHj\",\"_method\":\"PUT\",\"_previous_\":\"http:\\/\\/store.cn\\/admin\\/products\"}','2018-09-27 16:10:49','2018-09-27 16:10:49'),(203,1,'admin/products','GET','192.168.10.1','[]','2018-09-27 16:10:50','2018-09-27 16:10:50'),(204,1,'admin','GET','192.168.10.1','[]','2018-10-09 16:45:12','2018-10-09 16:45:12'),(205,1,'admin/auth/menu','GET','192.168.10.1','{\"_pjax\":\"#pjax-container\"}','2018-10-09 17:10:04','2018-10-09 17:10:04'),(206,1,'admin/auth/menu','POST','192.168.10.1','{\"parent_id\":\"0\",\"title\":\"\\u8ba2\\u5355\\u7ba1\\u7406\",\"icon\":\"fa-rmb\",\"uri\":\"\\/orders\",\"roles\":[null],\"_token\":\"WS0PffuyHetF37kGyHzNjoSPo508Jj4iKHtq98JT\"}','2018-10-09 17:11:07','2018-10-09 17:11:07'),(207,1,'admin/auth/menu','GET','192.168.10.1','[]','2018-10-09 17:11:09','2018-10-09 17:11:09'),(208,1,'admin/auth/menu','GET','192.168.10.1','[]','2018-10-09 17:11:23','2018-10-09 17:11:23'),(209,1,'admin/products','GET','192.168.10.1','{\"_pjax\":\"#pjax-container\"}','2018-10-09 17:11:30','2018-10-09 17:11:30'),(210,1,'admin/orders','GET','192.168.10.1','{\"_pjax\":\"#pjax-container\"}','2018-10-09 17:12:13','2018-10-09 17:12:13'),(211,1,'admin/auth/users','GET','192.168.10.1','{\"_pjax\":\"#pjax-container\"}','2018-10-09 17:12:16','2018-10-09 17:12:16'),(212,1,'admin/auth/menu','GET','192.168.10.1','{\"_pjax\":\"#pjax-container\"}','2018-10-09 17:12:23','2018-10-09 17:12:23'),(213,1,'admin/auth/menu','POST','192.168.10.1','{\"_token\":\"WS0PffuyHetF37kGyHzNjoSPo508Jj4iKHtq98JT\",\"_order\":\"[{\\\"id\\\":1},{\\\"id\\\":8},{\\\"id\\\":9},{\\\"id\\\":10},{\\\"id\\\":2,\\\"children\\\":[{\\\"id\\\":3},{\\\"id\\\":4},{\\\"id\\\":5},{\\\"id\\\":6},{\\\"id\\\":7}]}]\"}','2018-10-09 17:12:36','2018-10-09 17:12:36'),(214,1,'admin/auth/menu','GET','192.168.10.1','{\"_pjax\":\"#pjax-container\"}','2018-10-09 17:12:37','2018-10-09 17:12:37'),(215,1,'admin/orders','GET','192.168.10.1','{\"_pjax\":\"#pjax-container\"}','2018-10-09 17:12:54','2018-10-09 17:12:54'),(216,1,'admin/orders','GET','192.168.10.1','{\"_pjax\":\"#pjax-container\",\"id\":null}','2018-10-09 17:13:03','2018-10-09 17:13:03'),(217,1,'admin/orders/25','GET','192.168.10.1','{\"_pjax\":\"#pjax-container\"}','2018-10-09 17:34:37','2018-10-09 17:34:37'),(218,1,'admin/orders','GET','192.168.10.1','{\"id\":null,\"_pjax\":\"#pjax-container\"}','2018-10-09 17:34:44','2018-10-09 17:34:44'),(219,1,'admin','GET','192.168.10.1','[]','2018-10-11 10:29:03','2018-10-11 10:29:03'),(220,1,'admin/orders','GET','192.168.10.1','{\"_pjax\":\"#pjax-container\"}','2018-10-11 10:29:19','2018-10-11 10:29:19'),(221,1,'admin/orders/25','GET','192.168.10.1','{\"_pjax\":\"#pjax-container\"}','2018-10-11 10:29:25','2018-10-11 10:29:25'),(222,1,'admin/orders/25','GET','192.168.10.1','[]','2018-10-11 11:03:19','2018-10-11 11:03:19'),(223,1,'admin/orders/25','GET','192.168.10.1','[]','2018-10-11 11:04:01','2018-10-11 11:04:01'),(224,1,'admin/orders/25/ship','POST','192.168.10.1','{\"_token\":\"NdsvQWNLBD8Uga4Ee0sv298I37033oJc7BoCHqoN\",\"express_company\":null,\"express_no\":null}','2018-10-11 11:04:11','2018-10-11 11:04:11'),(225,1,'admin/orders/25','GET','192.168.10.1','[]','2018-10-11 11:05:32','2018-10-11 11:05:32'),(226,1,'admin/orders/25/ship','POST','192.168.10.1','{\"_token\":\"NdsvQWNLBD8Uga4Ee0sv298I37033oJc7BoCHqoN\",\"express_company\":null,\"express_no\":null}','2018-10-11 11:06:00','2018-10-11 11:06:00'),(227,1,'admin/orders/25/ship','POST','192.168.10.1','{\"_token\":\"NdsvQWNLBD8Uga4Ee0sv298I37033oJc7BoCHqoN\",\"express_company\":null,\"express_no\":null}','2018-10-11 11:06:36','2018-10-11 11:06:36'),(228,1,'admin/orders/25/ship','POST','192.168.10.1','{\"_token\":\"NdsvQWNLBD8Uga4Ee0sv298I37033oJc7BoCHqoN\",\"express_company\":null,\"express_no\":null}','2018-10-11 11:10:52','2018-10-11 11:10:52'),(229,1,'admin/orders/25/ship','POST','192.168.10.1','{\"_token\":\"NdsvQWNLBD8Uga4Ee0sv298I37033oJc7BoCHqoN\",\"express_company\":null,\"express_no\":null}','2018-10-11 11:13:15','2018-10-11 11:13:15'),(230,1,'admin/orders/25','GET','192.168.10.1','[]','2018-10-11 11:13:16','2018-10-11 11:13:16'),(231,1,'admin/orders/25','GET','192.168.10.1','[]','2018-10-11 11:14:43','2018-10-11 11:14:43'),(232,1,'admin/orders/25/ship','POST','192.168.10.1','{\"_token\":\"NdsvQWNLBD8Uga4Ee0sv298I37033oJc7BoCHqoN\",\"express_company\":null,\"express_no\":null}','2018-10-11 11:14:45','2018-10-11 11:14:45'),(233,1,'admin/orders/25','GET','192.168.10.1','[]','2018-10-11 11:14:46','2018-10-11 11:14:46'),(234,1,'admin/orders/25','GET','192.168.10.1','[]','2018-10-11 11:15:47','2018-10-11 11:15:47'),(235,1,'admin/orders/25/ship','POST','192.168.10.1','{\"_token\":\"NdsvQWNLBD8Uga4Ee0sv298I37033oJc7BoCHqoN\",\"express_company\":null,\"express_no\":null}','2018-10-11 11:15:50','2018-10-11 11:15:50'),(236,1,'admin/orders/25','GET','192.168.10.1','[]','2018-10-11 11:15:51','2018-10-11 11:15:51'),(237,1,'admin/orders/25','GET','192.168.10.1','[]','2018-10-11 11:16:05','2018-10-11 11:16:05'),(238,1,'admin/orders/25/ship','POST','192.168.10.1','{\"_token\":\"NdsvQWNLBD8Uga4Ee0sv298I37033oJc7BoCHqoN\",\"express_company\":null,\"express_no\":null}','2018-10-11 11:16:07','2018-10-11 11:16:07'),(239,1,'admin/orders/25','GET','192.168.10.1','[]','2018-10-11 11:16:08','2018-10-11 11:16:08'),(240,1,'admin/orders/25','GET','192.168.10.1','[]','2018-10-11 11:17:29','2018-10-11 11:17:29'),(241,1,'admin/orders/25/ship','POST','192.168.10.1','{\"_token\":\"NdsvQWNLBD8Uga4Ee0sv298I37033oJc7BoCHqoN\",\"express_company\":null,\"express_no\":null}','2018-10-11 11:17:30','2018-10-11 11:17:30'),(242,1,'admin/orders/25','GET','192.168.10.1','[]','2018-10-11 11:17:31','2018-10-11 11:17:31'),(243,1,'admin/orders/25','GET','192.168.10.1','[]','2018-10-11 11:18:39','2018-10-11 11:18:39'),(244,1,'admin/orders/25/ship','POST','192.168.10.1','{\"_token\":\"NdsvQWNLBD8Uga4Ee0sv298I37033oJc7BoCHqoN\",\"express_company\":null,\"express_no\":null}','2018-10-11 11:18:42','2018-10-11 11:18:42'),(245,1,'admin/orders/25','GET','192.168.10.1','[]','2018-10-11 11:18:43','2018-10-11 11:18:43'),(246,1,'admin/orders/25','GET','192.168.10.1','[]','2018-10-11 11:19:00','2018-10-11 11:19:00'),(247,1,'admin/orders/25/ship','POST','192.168.10.1','{\"_token\":\"NdsvQWNLBD8Uga4Ee0sv298I37033oJc7BoCHqoN\",\"express_company\":null,\"express_no\":null}','2018-10-11 11:19:03','2018-10-11 11:19:03'),(248,1,'admin/orders/25','GET','192.168.10.1','[]','2018-10-11 11:19:03','2018-10-11 11:19:03'),(249,1,'admin/orders/25/ship','POST','192.168.10.1','{\"_token\":\"NdsvQWNLBD8Uga4Ee0sv298I37033oJc7BoCHqoN\",\"express_company\":null,\"express_no\":null}','2018-10-11 11:19:07','2018-10-11 11:19:07'),(250,1,'admin/orders/25','GET','192.168.10.1','[]','2018-10-11 11:19:07','2018-10-11 11:19:07'),(251,1,'admin/orders/25','GET','192.168.10.1','[]','2018-10-11 11:19:15','2018-10-11 11:19:15'),(252,1,'admin/orders/25/ship','POST','192.168.10.1','{\"_token\":\"NdsvQWNLBD8Uga4Ee0sv298I37033oJc7BoCHqoN\",\"express_company\":null,\"express_no\":null}','2018-10-11 11:19:16','2018-10-11 11:19:16'),(253,1,'admin/orders/25','GET','192.168.10.1','[]','2018-10-11 11:19:17','2018-10-11 11:19:17'),(254,1,'admin/orders/25','GET','192.168.10.1','[]','2018-10-11 11:19:36','2018-10-11 11:19:36'),(255,1,'admin/orders/25','GET','192.168.10.1','[]','2018-10-11 11:19:36','2018-10-11 11:19:36'),(256,1,'admin/orders/25/ship','POST','192.168.10.1','{\"_token\":\"NdsvQWNLBD8Uga4Ee0sv298I37033oJc7BoCHqoN\",\"express_company\":null,\"express_no\":null}','2018-10-11 11:19:38','2018-10-11 11:19:38'),(257,1,'admin/orders/25','GET','192.168.10.1','[]','2018-10-11 11:19:39','2018-10-11 11:19:39'),(258,1,'admin/orders/25/ship','POST','192.168.10.1','{\"_token\":\"NdsvQWNLBD8Uga4Ee0sv298I37033oJc7BoCHqoN\",\"express_company\":null,\"express_no\":null}','2018-10-11 11:19:41','2018-10-11 11:19:41'),(259,1,'admin/orders/25','GET','192.168.10.1','[]','2018-10-11 11:19:41','2018-10-11 11:19:41'),(260,1,'admin/orders/25/ship','POST','192.168.10.1','{\"_token\":\"NdsvQWNLBD8Uga4Ee0sv298I37033oJc7BoCHqoN\",\"express_company\":\"\\u987a\\u4e30\",\"express_no\":\"1234165479\"}','2018-10-11 11:20:14','2018-10-11 11:20:14'),(261,1,'admin/orders/25','GET','192.168.10.1','[]','2018-10-11 11:20:14','2018-10-11 11:20:14'),(262,1,'admin/orders/25','GET','192.168.10.1','[]','2018-10-11 11:20:18','2018-10-11 11:20:18'),(263,1,'admin/orders/25/ship','POST','192.168.10.1','{\"_token\":\"NdsvQWNLBD8Uga4Ee0sv298I37033oJc7BoCHqoN\",\"express_company\":\"\\u987a\\u4e30\",\"express_no\":\"\\u6492\\u65e6\\u6492\\u65e6\\u6492\"}','2018-10-11 11:20:48','2018-10-11 11:20:48'),(264,1,'admin/orders/25/ship','POST','192.168.10.1','{\"_token\":\"NdsvQWNLBD8Uga4Ee0sv298I37033oJc7BoCHqoN\",\"express_company\":\"\\u987a\\u4e30\",\"express_no\":\"\\u6492\\u65e6\\u6492\\u65e6\\u6492\"}','2018-10-11 11:21:42','2018-10-11 11:21:42'),(265,1,'admin/orders/25/ship','POST','192.168.10.1','{\"_token\":\"NdsvQWNLBD8Uga4Ee0sv298I37033oJc7BoCHqoN\",\"express_company\":\"\\u987a\\u4e30\",\"express_no\":\"\\u6492\\u65e6\\u6492\\u65e6\\u6492\"}','2018-10-11 11:22:45','2018-10-11 11:22:45'),(266,1,'admin/orders/25','GET','192.168.10.1','[]','2018-10-11 11:22:46','2018-10-11 11:22:46'),(267,1,'admin/orders/25','GET','192.168.10.1','[]','2018-10-11 11:23:17','2018-10-11 11:23:17'),(268,1,'admin/orders/25/ship','POST','192.168.10.1','{\"_token\":\"NdsvQWNLBD8Uga4Ee0sv298I37033oJc7BoCHqoN\",\"express_company\":\"\\u987a\\u4e30\",\"express_no\":\"1234165479\"}','2018-10-11 11:23:23','2018-10-11 11:23:23'),(269,1,'admin/orders/25','GET','192.168.10.1','[]','2018-10-11 11:23:24','2018-10-11 11:23:24'),(270,1,'admin/orders/25','GET','192.168.10.1','[]','2018-10-11 11:24:40','2018-10-11 11:24:40'),(271,1,'admin/orders/25','GET','192.168.10.1','[]','2018-10-11 11:25:01','2018-10-11 11:25:01'),(272,1,'admin/orders/25','GET','192.168.10.1','[]','2018-10-11 11:34:07','2018-10-11 11:34:07'),(273,1,'admin/orders/25','GET','192.168.10.1','[]','2018-10-11 11:37:01','2018-10-11 11:37:01'),(274,1,'admin/orders/25','GET','192.168.10.1','[]','2018-10-11 11:38:24','2018-10-11 11:38:24'),(275,1,'admin/orders','GET','192.168.10.1','[]','2018-10-11 16:09:05','2018-10-11 16:09:05'),(276,1,'admin/orders/25','GET','192.168.10.1','[]','2018-10-11 16:47:40','2018-10-11 16:47:40'),(277,1,'admin/orders/25/refund','POST','192.168.10.1','{\"agree\":false,\"reason\":\"\\u4e0d\\u540c\\u610f\\u3001\",\"_token\":\"cBUATRENGn8qrxZIDBMNVx8EOCVKid0tmUsEarLZ\"}','2018-10-11 16:48:33','2018-10-11 16:48:33'),(278,1,'admin/orders/25','GET','192.168.10.1','[]','2018-10-11 16:48:36','2018-10-11 16:48:36'),(279,1,'admin/orders/25','GET','192.168.10.1','[]','2018-10-11 17:14:54','2018-10-11 17:14:54'),(280,1,'admin/orders/25/refund','POST','192.168.10.1','{\"agree\":true,\"_token\":\"cBUATRENGn8qrxZIDBMNVx8EOCVKid0tmUsEarLZ\"}','2018-10-11 17:15:04','2018-10-11 17:15:04'),(281,1,'admin/orders/25/refund','POST','192.168.10.1','{\"agree\":true,\"_token\":\"cBUATRENGn8qrxZIDBMNVx8EOCVKid0tmUsEarLZ\"}','2018-10-11 17:15:22','2018-10-11 17:15:22'),(282,1,'admin/orders/25','GET','192.168.10.1','[]','2018-10-11 17:15:27','2018-10-11 17:15:27'),(283,1,'admin/orders/25','GET','192.168.10.1','[]','2018-10-11 17:16:13','2018-10-11 17:16:13'),(284,1,'admin/orders/25','GET','192.168.10.1','[]','2018-10-11 17:18:12','2018-10-11 17:18:12'),(285,1,'admin','GET','192.168.10.1','[]','2018-10-12 11:00:26','2018-10-12 11:00:26'),(286,1,'admin/auth/menu','GET','192.168.10.1','{\"_pjax\":\"#pjax-container\"}','2018-10-12 11:00:33','2018-10-12 11:00:33'),(287,1,'admin/auth/menu','GET','192.168.10.1','{\"_pjax\":\"#pjax-container\"}','2018-10-12 11:00:51','2018-10-12 11:00:51'),(288,1,'admin/auth/menu','POST','192.168.10.1','{\"parent_id\":\"0\",\"title\":\"\\u4f18\\u60e0\\u5238\\u7ba1\\u7406\",\"icon\":\"fa-tags\",\"uri\":\"\\/coupon_codes\",\"roles\":[null],\"_token\":\"jfnrnsAMRYV7aUAUT24hAmZc239WSqThWtAUCEPe\"}','2018-10-12 11:01:46','2018-10-12 11:01:46'),(289,1,'admin/auth/menu','GET','192.168.10.1','[]','2018-10-12 11:01:47','2018-10-12 11:01:47'),(290,1,'admin/auth/menu','POST','192.168.10.1','{\"_token\":\"jfnrnsAMRYV7aUAUT24hAmZc239WSqThWtAUCEPe\",\"_order\":\"[{\\\"id\\\":1},{\\\"id\\\":8},{\\\"id\\\":9},{\\\"id\\\":10},{\\\"id\\\":11},{\\\"id\\\":2,\\\"children\\\":[{\\\"id\\\":3},{\\\"id\\\":4},{\\\"id\\\":5},{\\\"id\\\":6},{\\\"id\\\":7}]}]\"}','2018-10-12 11:01:58','2018-10-12 11:01:58'),(291,1,'admin/auth/menu','GET','192.168.10.1','{\"_pjax\":\"#pjax-container\"}','2018-10-12 11:01:59','2018-10-12 11:01:59'),(292,1,'admin/auth/menu','GET','192.168.10.1','[]','2018-10-12 11:02:02','2018-10-12 11:02:02'),(293,1,'admin/coupon_codes','GET','192.168.10.1','{\"_pjax\":\"#pjax-container\"}','2018-10-12 11:02:14','2018-10-12 11:02:14'),(294,1,'admin/coupon_codes','GET','192.168.10.1','{\"_pjax\":\"#pjax-container\"}','2018-10-12 11:02:15','2018-10-12 11:02:15'),(295,1,'admin/coupon_codes','GET','192.168.10.1','{\"_pjax\":\"#pjax-container\",\"per_page\":\"100\"}','2018-10-12 11:02:28','2018-10-12 11:02:28'),(296,1,'admin/coupon_codes','GET','192.168.10.1','{\"per_page\":\"100\"}','2018-10-12 11:17:29','2018-10-12 11:17:29'),(297,1,'admin/coupon_codes','GET','192.168.10.1','{\"per_page\":\"100\"}','2018-10-12 11:18:11','2018-10-12 11:18:11'),(298,1,'admin/coupon_codes','GET','192.168.10.1','{\"per_page\":\"100\"}','2018-10-12 11:25:32','2018-10-12 11:25:32'),(299,1,'admin/coupon_codes','GET','192.168.10.1','{\"per_page\":\"100\"}','2018-10-12 11:29:45','2018-10-12 11:29:45'),(300,1,'admin/coupon_codes','GET','192.168.10.1','{\"per_page\":\"100\"}','2018-10-12 11:30:25','2018-10-12 11:30:25'),(301,1,'admin/coupon_codes','GET','192.168.10.1','{\"per_page\":\"100\"}','2018-10-12 11:34:57','2018-10-12 11:34:57'),(302,1,'admin/coupon_codes','GET','192.168.10.1','{\"per_page\":\"100\"}','2018-10-12 11:36:56','2018-10-12 11:36:56'),(303,1,'admin/coupon_codes','GET','192.168.10.1','{\"per_page\":\"100\"}','2018-10-12 11:37:38','2018-10-12 11:37:38'),(304,1,'admin/coupon_codes','GET','192.168.10.1','{\"per_page\":\"100\"}','2018-10-12 11:37:59','2018-10-12 11:37:59'),(305,1,'admin/coupon_codes','GET','192.168.10.1','{\"per_page\":\"100\"}','2018-10-12 11:40:54','2018-10-12 11:40:54'),(306,1,'admin/coupon_codes','GET','192.168.10.1','{\"per_page\":\"100\"}','2018-10-12 12:26:25','2018-10-12 12:26:25'),(307,1,'admin/coupon_codes','GET','192.168.10.1','{\"per_page\":\"10\",\"_pjax\":\"#pjax-container\"}','2018-10-12 12:29:38','2018-10-12 12:29:38'),(308,1,'admin/coupon_codes/create','GET','192.168.10.1','[]','2018-10-12 12:42:55','2018-10-12 12:42:55'),(309,1,'admin/coupon_codes','POST','192.168.10.1','{\"code\":null,\"type\":null,\"value\":null,\"total\":null,\"min_amount\":null,\"not_before\":null,\"not_after\":null,\"enabled\":\"0\",\"_token\":\"jfnrnsAMRYV7aUAUT24hAmZc239WSqThWtAUCEPe\",\"_previous_\":\"http:\\/\\/store.cn\\/admin\\/coupon_codes?per_page=10\"}','2018-10-12 12:43:01','2018-10-12 12:43:01'),(310,1,'admin/coupon_codes/create','GET','192.168.10.1','[]','2018-10-12 12:43:02','2018-10-12 12:43:02'),(311,1,'admin/coupon_codes/create','GET','192.168.10.1','[]','2018-10-12 12:49:24','2018-10-12 12:49:24'),(312,1,'admin/coupon_codes','POST','192.168.10.1','{\"code\":null,\"type\":null,\"value\":null,\"total\":null,\"min_amount\":null,\"not_before\":null,\"not_after\":null,\"enabled\":\"0\",\"_token\":\"jfnrnsAMRYV7aUAUT24hAmZc239WSqThWtAUCEPe\",\"_previous_\":\"http:\\/\\/store.cn\\/admin\\/coupon_codes?per_page=10\"}','2018-10-12 12:51:48','2018-10-12 12:51:48'),(313,1,'admin/coupon_codes/create','GET','192.168.10.1','[]','2018-10-12 12:51:49','2018-10-12 12:51:49'),(314,1,'admin/coupon_codes/create','GET','192.168.10.1','[]','2018-10-12 12:52:14','2018-10-12 12:52:14'),(315,1,'admin/coupon_codes','POST','192.168.10.1','{\"code\":null,\"type\":null,\"value\":null,\"total\":null,\"min_amount\":null,\"not_before\":null,\"not_after\":null,\"enabled\":\"0\",\"_token\":\"jfnrnsAMRYV7aUAUT24hAmZc239WSqThWtAUCEPe\",\"_previous_\":\"http:\\/\\/store.cn\\/admin\\/coupon_codes?per_page=10\"}','2018-10-12 12:52:17','2018-10-12 12:52:17'),(316,1,'admin/coupon_codes/create','GET','192.168.10.1','[]','2018-10-12 12:52:17','2018-10-12 12:52:17'),(317,1,'admin/coupon_codes','POST','192.168.10.1','{\"code\":null,\"type\":null,\"value\":null,\"total\":null,\"min_amount\":null,\"not_before\":null,\"not_after\":null,\"enabled\":\"0\",\"_token\":\"jfnrnsAMRYV7aUAUT24hAmZc239WSqThWtAUCEPe\"}','2018-10-12 12:52:31','2018-10-12 12:52:31'),(318,1,'admin/coupon_codes/create','GET','192.168.10.1','[]','2018-10-12 12:52:31','2018-10-12 12:52:31'),(319,1,'admin/coupon_codes/create','GET','192.168.10.1','[]','2018-10-12 12:52:35','2018-10-12 12:52:35'),(320,1,'admin/coupon_codes','POST','192.168.10.1','{\"name\":null,\"code\":null,\"type\":null,\"value\":null,\"total\":null,\"min_amount\":null,\"not_before\":null,\"not_after\":null,\"enabled\":\"0\",\"_token\":\"jfnrnsAMRYV7aUAUT24hAmZc239WSqThWtAUCEPe\",\"_previous_\":\"http:\\/\\/store.cn\\/admin\\/coupon_codes?per_page=10\"}','2018-10-12 12:52:37','2018-10-12 12:52:37'),(321,1,'admin/coupon_codes/create','GET','192.168.10.1','[]','2018-10-12 12:52:37','2018-10-12 12:52:37'),(322,1,'admin/coupon_codes/create','GET','192.168.10.1','[]','2018-10-12 12:53:37','2018-10-12 12:53:37'),(323,1,'admin/coupon_codes','POST','192.168.10.1','{\"name\":null,\"code\":null,\"type\":null,\"value\":null,\"total\":null,\"min_amount\":null,\"not_before\":null,\"not_after\":null,\"enabled\":\"0\",\"_token\":\"jfnrnsAMRYV7aUAUT24hAmZc239WSqThWtAUCEPe\",\"_previous_\":\"http:\\/\\/store.cn\\/admin\\/coupon_codes?per_page=10\"}','2018-10-12 12:53:40','2018-10-12 12:53:40'),(324,1,'admin/coupon_codes/create','GET','192.168.10.1','[]','2018-10-12 12:53:40','2018-10-12 12:53:40'),(325,1,'admin/coupon_codes/create','GET','192.168.10.1','[]','2018-10-12 12:53:59','2018-10-12 12:53:59'),(326,1,'admin/coupon_codes','POST','192.168.10.1','{\"name\":null,\"code\":null,\"type\":null,\"value\":null,\"total\":null,\"min_amount\":null,\"not_before\":null,\"not_after\":null,\"enabled\":\"0\",\"_token\":\"jfnrnsAMRYV7aUAUT24hAmZc239WSqThWtAUCEPe\",\"_previous_\":\"http:\\/\\/store.cn\\/admin\\/coupon_codes?per_page=10\"}','2018-10-12 12:54:01','2018-10-12 12:54:01'),(327,1,'admin/coupon_codes/create','GET','192.168.10.1','[]','2018-10-12 12:54:02','2018-10-12 12:54:02'),(328,1,'admin/coupon_codes/create','GET','192.168.10.1','[]','2018-10-12 12:58:16','2018-10-12 12:58:16'),(329,1,'admin/coupon_codes/create','GET','192.168.10.1','[]','2018-10-12 12:58:38','2018-10-12 12:58:38'),(330,1,'admin/coupon_codes','POST','192.168.10.1','{\"name\":null,\"code\":null,\"value\":null,\"total\":null,\"min_amount\":null,\"not_before\":null,\"not_after\":null,\"enabled\":\"0\",\"_token\":\"jfnrnsAMRYV7aUAUT24hAmZc239WSqThWtAUCEPe\",\"_previous_\":\"http:\\/\\/store.cn\\/admin\\/coupon_codes?per_page=10\"}','2018-10-12 12:58:43','2018-10-12 12:58:43'),(331,1,'admin/coupon_codes/create','GET','192.168.10.1','[]','2018-10-12 12:58:44','2018-10-12 12:58:44'),(332,1,'admin/coupon_codes/create','GET','192.168.10.1','[]','2018-10-12 12:59:13','2018-10-12 12:59:13'),(333,1,'admin/coupon_codes','POST','192.168.10.1','{\"name\":null,\"code\":null,\"value\":null,\"names\":null,\"min_amount\":null,\"not_before\":null,\"not_after\":null,\"enabled\":\"0\",\"_token\":\"jfnrnsAMRYV7aUAUT24hAmZc239WSqThWtAUCEPe\",\"_previous_\":\"http:\\/\\/store.cn\\/admin\\/coupon_codes?per_page=10\"}','2018-10-12 12:59:21','2018-10-12 12:59:21'),(334,1,'admin/coupon_codes/create','GET','192.168.10.1','[]','2018-10-12 12:59:22','2018-10-12 12:59:22'),(335,1,'admin/coupon_codes/create','GET','192.168.10.1','[]','2018-10-12 12:59:33','2018-10-12 12:59:33'),(336,1,'admin/coupon_codes','POST','192.168.10.1','{\"name\":null,\"code\":null,\"value\":null,\"min_amount\":null,\"not_before\":null,\"not_after\":null,\"enabled\":\"0\",\"_token\":\"jfnrnsAMRYV7aUAUT24hAmZc239WSqThWtAUCEPe\",\"_previous_\":\"http:\\/\\/store.cn\\/admin\\/coupon_codes?per_page=10\"}','2018-10-12 12:59:36','2018-10-12 12:59:36'),(337,1,'admin/coupon_codes/create','GET','192.168.10.1','[]','2018-10-12 12:59:36','2018-10-12 12:59:36'),(338,1,'admin/coupon_codes/create','GET','192.168.10.1','[]','2018-10-12 13:00:45','2018-10-12 13:00:45'),(339,1,'admin/coupon_codes/create','GET','192.168.10.1','[]','2018-10-12 13:02:04','2018-10-12 13:02:04'),(340,1,'admin/coupon_codes','POST','192.168.10.1','{\"name\":null,\"code\":null,\"value\":null,\"min_amount\":null,\"not_before\":null,\"not_after\":null,\"enabled\":\"0\",\"_token\":\"jfnrnsAMRYV7aUAUT24hAmZc239WSqThWtAUCEPe\",\"_previous_\":\"http:\\/\\/store.cn\\/admin\\/coupon_codes?per_page=10\"}','2018-10-12 13:02:08','2018-10-12 13:02:08'),(341,1,'admin/coupon_codes/create','GET','192.168.10.1','[]','2018-10-12 13:02:08','2018-10-12 13:02:08'),(342,1,'admin/coupon_codes/create','GET','192.168.10.1','[]','2018-10-12 13:02:43','2018-10-12 13:02:43'),(343,1,'admin/coupon_codes','POST','192.168.10.1','{\"name\":null,\"code\":null,\"value\":null,\"total\":null,\"min_amount\":null,\"not_before\":null,\"not_after\":null,\"enabled\":\"0\",\"_token\":\"jfnrnsAMRYV7aUAUT24hAmZc239WSqThWtAUCEPe\",\"_previous_\":\"http:\\/\\/store.cn\\/admin\\/coupon_codes?per_page=10\"}','2018-10-12 13:02:45','2018-10-12 13:02:45'),(344,1,'admin/coupon_codes/create','GET','192.168.10.1','[]','2018-10-12 13:02:46','2018-10-12 13:02:46'),(345,1,'admin/coupon_codes/create','GET','192.168.10.1','[]','2018-10-12 13:03:13','2018-10-12 13:03:13'),(346,1,'admin/coupon_codes','POST','192.168.10.1','{\"name\":null,\"code\":null,\"value\":null,\"total\":null,\"min_amount\":null,\"not_before\":null,\"not_after\":null,\"enabled\":\"0\",\"_token\":\"jfnrnsAMRYV7aUAUT24hAmZc239WSqThWtAUCEPe\",\"_previous_\":\"http:\\/\\/store.cn\\/admin\\/coupon_codes?per_page=10\"}','2018-10-12 13:03:15','2018-10-12 13:03:15'),(347,1,'admin/coupon_codes/create','GET','192.168.10.1','[]','2018-10-12 13:03:16','2018-10-12 13:03:16'),(348,1,'admin/coupon_codes','POST','192.168.10.1','{\"name\":null,\"code\":null,\"value\":null,\"total\":null,\"min_amount\":null,\"not_before\":null,\"not_after\":null,\"enabled\":\"0\",\"_token\":\"jfnrnsAMRYV7aUAUT24hAmZc239WSqThWtAUCEPe\"}','2018-10-12 13:03:54','2018-10-12 13:03:54'),(349,1,'admin/coupon_codes/create','GET','192.168.10.1','[]','2018-10-12 13:03:54','2018-10-12 13:03:54'),(350,1,'admin/coupon_codes','POST','192.168.10.1','{\"name\":null,\"code\":null,\"value\":null,\"total\":null,\"min_amount\":null,\"not_before\":null,\"not_after\":null,\"enabled\":\"0\",\"_token\":\"jfnrnsAMRYV7aUAUT24hAmZc239WSqThWtAUCEPe\"}','2018-10-12 13:04:38','2018-10-12 13:04:38'),(351,1,'admin/coupon_codes/create','GET','192.168.10.1','[]','2018-10-12 13:04:39','2018-10-12 13:04:39'),(352,1,'admin/coupon_codes','GET','192.168.10.1','[]','2018-10-12 13:04:58','2018-10-12 13:04:58'),(353,1,'admin/coupon_codes','GET','192.168.10.1','{\"_pjax\":\"#pjax-container\"}','2018-10-12 13:05:01','2018-10-12 13:05:01'),(354,1,'admin/coupon_codes/create','GET','192.168.10.1','{\"_pjax\":\"#pjax-container\"}','2018-10-12 13:05:06','2018-10-12 13:05:06'),(355,1,'admin/coupon_codes','POST','192.168.10.1','{\"name\":null,\"code\":null,\"value\":null,\"total\":null,\"min_amount\":null,\"not_before\":null,\"not_after\":null,\"enabled\":\"0\",\"_token\":\"jfnrnsAMRYV7aUAUT24hAmZc239WSqThWtAUCEPe\",\"after-save\":\"1\"}','2018-10-12 13:07:54','2018-10-12 13:07:54'),(356,1,'admin/coupon_codes/create','GET','192.168.10.1','[]','2018-10-12 13:07:55','2018-10-12 13:07:55'),(357,1,'admin/coupon_codes/create','GET','192.168.10.1','[]','2018-10-12 13:08:24','2018-10-12 13:08:24'),(358,1,'admin/coupon_codes','POST','192.168.10.1','{\"name\":null,\"code\":null,\"value\":null,\"total\":null,\"min_amount\":null,\"not_before\":null,\"not_after\":null,\"enabled\":\"0\",\"_token\":\"jfnrnsAMRYV7aUAUT24hAmZc239WSqThWtAUCEPe\",\"_previous_\":\"http:\\/\\/store.cn\\/admin\\/coupon_codes?per_page=10\"}','2018-10-12 13:08:27','2018-10-12 13:08:27'),(359,1,'admin/coupon_codes/create','GET','192.168.10.1','[]','2018-10-12 13:08:28','2018-10-12 13:08:28'),(360,1,'admin/coupon_codes','POST','192.168.10.1','{\"name\":null,\"code\":\"HFPJ3XHBPLGG6MNO\",\"value\":null,\"total\":null,\"min_amount\":null,\"not_before\":null,\"not_after\":null,\"enabled\":\"1\",\"_token\":\"jfnrnsAMRYV7aUAUT24hAmZc239WSqThWtAUCEPe\"}','2018-10-12 13:08:40','2018-10-12 13:08:40'),(361,1,'admin/coupon_codes/create','GET','192.168.10.1','[]','2018-10-12 13:08:40','2018-10-12 13:08:40'),(362,1,'admin/coupon_codes','POST','192.168.10.1','{\"name\":null,\"code\":\"HFPJ3XHBPLGG6MNO\",\"value\":null,\"total\":null,\"min_amount\":null,\"not_before\":null,\"not_after\":null,\"enabled\":\"1\",\"_token\":\"jfnrnsAMRYV7aUAUT24hAmZc239WSqThWtAUCEPe\"}','2018-10-12 13:09:17','2018-10-12 13:09:17'),(363,1,'admin/coupon_codes/create','GET','192.168.10.1','[]','2018-10-12 13:09:18','2018-10-12 13:09:18'),(364,1,'admin/coupon_codes','POST','192.168.10.1','{\"name\":\"\\u4f59\\u6e29\",\"code\":\"KYDCBHD\",\"type\":\"percent\",\"value\":\"50\",\"total\":\"110000\",\"min_amount\":\"0\",\"not_before\":\"2018-10-12 00:00:00\",\"not_after\":null,\"enabled\":\"1\",\"_token\":\"jfnrnsAMRYV7aUAUT24hAmZc239WSqThWtAUCEPe\"}','2018-10-12 13:10:07','2018-10-12 13:10:07'),(365,1,'admin/coupon_codes','GET','192.168.10.1','[]','2018-10-12 13:10:07','2018-10-12 13:10:07'),(366,1,'admin/coupon_codes/11/edit','GET','192.168.10.1','[]','2018-10-12 13:11:25','2018-10-12 13:11:25'),(367,1,'admin/coupon_codes/11','PUT','192.168.10.1','{\"name\":\"\\u4f59\\u6e29\",\"code\":\"KYDCBHD\",\"type\":\"percent\",\"value\":\"50.00\",\"total\":\"110000\",\"min_amount\":\"0.00\",\"not_before\":\"2018-10-12 00:00:00\",\"not_after\":\"2018-10-28 00:00:00\",\"enabled\":\"1\",\"_token\":\"jfnrnsAMRYV7aUAUT24hAmZc239WSqThWtAUCEPe\",\"_method\":\"PUT\",\"_previous_\":\"http:\\/\\/store.cn\\/admin\\/coupon_codes\"}','2018-10-12 13:11:40','2018-10-12 13:11:40'),(368,1,'admin/coupon_codes/11/edit','GET','192.168.10.1','[]','2018-10-12 13:11:40','2018-10-12 13:11:40'),(369,1,'admin/coupon_codes/11','PUT','192.168.10.1','{\"name\":\"\\u4f59\\u6e29\",\"code\":\"KYDCBHD\",\"type\":\"percent\",\"value\":\"50.00\",\"total\":\"110000\",\"min_amount\":\"0.00\",\"not_before\":\"2018-10-12 00:00:00\",\"not_after\":\"2018-10-28 00:00:00\",\"enabled\":\"1\",\"_token\":\"jfnrnsAMRYV7aUAUT24hAmZc239WSqThWtAUCEPe\",\"_method\":\"PUT\"}','2018-10-12 13:14:09','2018-10-12 13:14:09'),(370,1,'admin/coupon_codes','GET','192.168.10.1','[]','2018-10-12 13:14:10','2018-10-12 13:14:10'),(371,1,'admin/coupon_codes','GET','192.168.10.1','{\"per_page\":\"10\",\"_pjax\":\"#pjax-container\"}','2018-10-12 13:14:30','2018-10-12 13:14:30'),(372,1,'admin/coupon_codes','GET','192.168.10.1','{\"per_page\":\"10\",\"_pjax\":\"#pjax-container\",\"page\":\"2\"}','2018-10-12 13:14:32','2018-10-12 13:14:32'),(373,1,'admin/coupon_codes','GET','192.168.10.1','{\"per_page\":\"10\",\"page\":\"2\"}','2018-10-12 13:15:37','2018-10-12 13:15:37'),(374,1,'admin/coupon_codes/10','DELETE','192.168.10.1','{\"_method\":\"delete\",\"_token\":\"jfnrnsAMRYV7aUAUT24hAmZc239WSqThWtAUCEPe\"}','2018-10-12 13:15:40','2018-10-12 13:15:40'),(375,1,'admin/coupon_codes','GET','192.168.10.1','{\"per_page\":\"10\",\"page\":\"2\",\"_pjax\":\"#pjax-container\"}','2018-10-12 13:15:41','2018-10-12 13:15:41'),(376,1,'admin/coupon_codes','GET','192.168.10.1','{\"per_page\":\"10\",\"page\":\"1\",\"_pjax\":\"#pjax-container\"}','2018-10-12 13:15:41','2018-10-12 13:15:41'),(377,1,'admin/coupon_codes','GET','192.168.10.1','{\"per_page\":\"10\"}','2018-10-12 13:37:32','2018-10-12 13:37:32'),(378,1,'admin/coupon_codes','GET','192.168.10.1','[]','2018-10-12 14:52:40','2018-10-12 14:52:40'),(379,1,'admin/coupon_codes','GET','192.168.10.1','{\"per_page\":\"10\",\"page\":\"1\"}','2018-10-12 14:53:22','2018-10-12 14:53:22'),(380,1,'admin/coupon_codes/11/edit','GET','192.168.10.1','{\"_pjax\":\"#pjax-container\"}','2018-10-12 14:53:38','2018-10-12 14:53:38'),(381,1,'admin/coupon_codes','GET','192.168.10.1','{\"_pjax\":\"#pjax-container\"}','2018-10-12 14:57:46','2018-10-12 14:57:46'),(382,1,'admin/coupon_codes','GET','192.168.10.1','[]','2018-10-12 15:54:19','2018-10-12 15:54:19'),(383,1,'admin/coupon_codes/11','PUT','192.168.10.1','{\"name\":\"\\u4f59\\u6e29\",\"code\":\"KYDCBHD\",\"type\":\"percent\",\"value\":\"50.00\",\"total\":\"110000\",\"min_amount\":\"1.00\",\"not_before\":\"2018-10-12 00:00:00\",\"not_after\":\"2018-10-28 00:00:00\",\"enabled\":\"1\",\"_token\":\"jfnrnsAMRYV7aUAUT24hAmZc239WSqThWtAUCEPe\",\"_method\":\"PUT\",\"_previous_\":\"http:\\/\\/store.cn\\/admin\\/coupon_codes?per_page=10&page=1\"}','2018-10-12 15:55:20','2018-10-12 15:55:20'),(384,1,'admin/coupon_codes','GET','192.168.10.1','{\"per_page\":\"10\",\"page\":\"1\"}','2018-10-12 15:55:21','2018-10-12 15:55:21'),(385,1,'admin/coupon_codes','GET','192.168.10.1','[]','2018-10-12 16:39:28','2018-10-12 16:39:28'),(386,1,'admin','GET','192.168.10.1','{\"_pjax\":\"#pjax-container\"}','2018-10-12 16:39:31','2018-10-12 16:39:31'),(387,1,'admin','GET','192.168.10.1','{\"_pjax\":\"#pjax-container\"}','2018-10-12 16:39:32','2018-10-12 16:39:32'),(388,1,'admin/auth/permissions','GET','192.168.10.1','{\"_pjax\":\"#pjax-container\"}','2018-10-12 16:39:56','2018-10-12 16:39:56'),(389,1,'admin/auth/permissions/create','GET','192.168.10.1','{\"_pjax\":\"#pjax-container\"}','2018-10-12 16:40:08','2018-10-12 16:40:08'),(390,1,'admin/auth/permissions','POST','192.168.10.1','{\"slug\":\"products\",\"name\":\"\\u5546\\u54c1\\u7ba1\\u7406\",\"http_method\":[null],\"http_path\":\"\\/products*\",\"_token\":\"jfnrnsAMRYV7aUAUT24hAmZc239WSqThWtAUCEPe\",\"_previous_\":\"http:\\/\\/store.cn\\/admin\\/auth\\/permissions\"}','2018-10-12 16:40:42','2018-10-12 16:40:42'),(391,1,'admin/auth/permissions','GET','192.168.10.1','[]','2018-10-12 16:40:42','2018-10-12 16:40:42'),(392,1,'admin/auth/permissions/create','GET','192.168.10.1','{\"_pjax\":\"#pjax-container\"}','2018-10-12 16:40:56','2018-10-12 16:40:56'),(393,1,'admin/auth/permissions','POST','192.168.10.1','{\"slug\":\"orders\",\"name\":\"\\u8ba2\\u5355\\u7ba1\\u7406\",\"http_method\":[null],\"http_path\":\"\\/orders*\",\"_token\":\"jfnrnsAMRYV7aUAUT24hAmZc239WSqThWtAUCEPe\",\"_previous_\":\"http:\\/\\/store.cn\\/admin\\/auth\\/permissions\"}','2018-10-12 16:41:18','2018-10-12 16:41:18'),(394,1,'admin/auth/permissions','GET','192.168.10.1','[]','2018-10-12 16:41:19','2018-10-12 16:41:19'),(395,1,'admin/auth/permissions/create','GET','192.168.10.1','{\"_pjax\":\"#pjax-container\"}','2018-10-12 16:41:24','2018-10-12 16:41:24'),(396,1,'admin/auth/permissions','POST','192.168.10.1','{\"slug\":\"coupon_codes\",\"name\":\"\\u4f18\\u60e0\\u5238\\u7ba1\\u7406\",\"http_method\":[null],\"http_path\":\"\\/coupon_codes*\",\"_token\":\"jfnrnsAMRYV7aUAUT24hAmZc239WSqThWtAUCEPe\",\"_previous_\":\"http:\\/\\/store.cn\\/admin\\/auth\\/permissions\"}','2018-10-12 16:41:53','2018-10-12 16:41:53'),(397,1,'admin/auth/permissions','GET','192.168.10.1','[]','2018-10-12 16:41:53','2018-10-12 16:41:53'),(398,1,'admin/auth/roles','GET','192.168.10.1','{\"_pjax\":\"#pjax-container\"}','2018-10-12 16:42:04','2018-10-12 16:42:04'),(399,1,'admin/auth/roles/create','GET','192.168.10.1','{\"_pjax\":\"#pjax-container\"}','2018-10-12 16:42:09','2018-10-12 16:42:09'),(400,1,'admin/auth/roles','POST','192.168.10.1','{\"slug\":\"operator\",\"name\":\"\\u8fd0\\u8425\",\"permissions\":[\"2\",\"3\",\"4\",\"6\",\"7\",\"8\",\"9\",null],\"_token\":\"jfnrnsAMRYV7aUAUT24hAmZc239WSqThWtAUCEPe\",\"_previous_\":\"http:\\/\\/store.cn\\/admin\\/auth\\/roles\"}','2018-10-12 16:43:06','2018-10-12 16:43:06'),(401,1,'admin/auth/roles','GET','192.168.10.1','[]','2018-10-12 16:43:07','2018-10-12 16:43:07'),(402,1,'admin/auth/roles/3/edit','GET','192.168.10.1','{\"_pjax\":\"#pjax-container\"}','2018-10-12 16:43:20','2018-10-12 16:43:20'),(403,1,'admin/auth/roles','GET','192.168.10.1','{\"_pjax\":\"#pjax-container\"}','2018-10-12 16:43:34','2018-10-12 16:43:34'),(404,1,'admin/auth/roles/3/edit','GET','192.168.10.1','{\"_pjax\":\"#pjax-container\"}','2018-10-12 16:44:50','2018-10-12 16:44:50'),(405,1,'admin/auth/roles','GET','192.168.10.1','{\"_pjax\":\"#pjax-container\"}','2018-10-12 16:44:56','2018-10-12 16:44:56'),(406,1,'admin/auth/roles/2','GET','192.168.10.1','{\"_pjax\":\"#pjax-container\"}','2018-10-12 16:45:11','2018-10-12 16:45:11'),(407,1,'admin/auth/roles','GET','192.168.10.1','{\"_pjax\":\"#pjax-container\"}','2018-10-12 16:45:15','2018-10-12 16:45:15'),(408,1,'admin/auth/roles/2/edit','GET','192.168.10.1','{\"_pjax\":\"#pjax-container\"}','2018-10-12 16:45:18','2018-10-12 16:45:18'),(409,1,'admin/auth/roles','GET','192.168.10.1','{\"_pjax\":\"#pjax-container\"}','2018-10-12 16:45:20','2018-10-12 16:45:20'),(410,1,'admin/auth/roles/2/edit','GET','192.168.10.1','{\"_pjax\":\"#pjax-container\"}','2018-10-12 16:45:32','2018-10-12 16:45:32'),(411,1,'admin/auth/roles','GET','192.168.10.1','{\"_pjax\":\"#pjax-container\"}','2018-10-12 16:45:37','2018-10-12 16:45:37'),(412,1,'admin/auth/menu','GET','192.168.10.1','{\"_pjax\":\"#pjax-container\"}','2018-10-12 16:45:46','2018-10-12 16:45:46'),(413,1,'admin/auth/users','GET','192.168.10.1','{\"_pjax\":\"#pjax-container\"}','2018-10-12 16:45:50','2018-10-12 16:45:50'),(414,1,'admin/auth/roles','GET','192.168.10.1','{\"_pjax\":\"#pjax-container\"}','2018-10-12 16:45:52','2018-10-12 16:45:52'),(415,1,'admin/auth/users','GET','192.168.10.1','{\"_pjax\":\"#pjax-container\"}','2018-10-12 16:45:56','2018-10-12 16:45:56'),(416,1,'admin/auth/roles','GET','192.168.10.1','{\"_pjax\":\"#pjax-container\"}','2018-10-12 16:46:08','2018-10-12 16:46:08'),(417,1,'admin/auth/users','GET','192.168.10.1','{\"_pjax\":\"#pjax-container\"}','2018-10-12 16:46:10','2018-10-12 16:46:10'),(418,1,'admin/auth/users/2/edit','GET','192.168.10.1','{\"_pjax\":\"#pjax-container\"}','2018-10-12 16:46:14','2018-10-12 16:46:14'),(419,1,'admin/auth/users/2','PUT','192.168.10.1','{\"username\":\"caiwu\",\"name\":\"\\u8d22\\u52a1\",\"password\":\"qq123456\",\"password_confirmation\":\"qq123456\",\"roles\":[\"3\",null],\"permissions\":[null],\"_token\":\"jfnrnsAMRYV7aUAUT24hAmZc239WSqThWtAUCEPe\",\"_method\":\"PUT\",\"_previous_\":\"http:\\/\\/store.cn\\/admin\\/auth\\/users\"}','2018-10-12 16:46:35','2018-10-12 16:46:35'),(420,1,'admin/auth/users','GET','192.168.10.1','[]','2018-10-12 16:46:35','2018-10-12 16:46:35'),(421,2,'admin','GET','192.168.10.1','[]','2018-10-12 16:46:47','2018-10-12 16:46:47');

/*Table structure for table `admin_permissions` */

DROP TABLE IF EXISTS `admin_permissions`;

CREATE TABLE `admin_permissions` (
  `id` int(10) unsigned NOT NULL AUTO_INCREMENT,
  `name` varchar(50) COLLATE utf8mb4_unicode_ci NOT NULL,
  `slug` varchar(50) COLLATE utf8mb4_unicode_ci NOT NULL,
  `http_method` varchar(191) COLLATE utf8mb4_unicode_ci DEFAULT NULL,
  `http_path` text COLLATE utf8mb4_unicode_ci,
  `created_at` timestamp NULL DEFAULT NULL,
  `updated_at` timestamp NULL DEFAULT NULL,
  PRIMARY KEY (`id`),
  UNIQUE KEY `admin_permissions_name_unique` (`name`)
) ENGINE=InnoDB AUTO_INCREMENT=10 DEFAULT CHARSET=utf8mb4 COLLATE=utf8mb4_unicode_ci;

/*Data for the table `admin_permissions` */

insert  into `admin_permissions`(`id`,`name`,`slug`,`http_method`,`http_path`,`created_at`,`updated_at`) values (1,'All permission','*','','*',NULL,NULL),(2,'Dashboard','dashboard','GET','/',NULL,NULL),(3,'Login','auth.login','','/auth/login\r\n/auth/logout',NULL,NULL),(4,'User setting','auth.setting','GET,PUT','/auth/setting',NULL,NULL),(5,'Auth management','auth.management','','/auth/roles\r\n/auth/permissions\r\n/auth/menu\r\n/auth/logs',NULL,NULL),(6,'用户管理','users','','/users*','2018-09-25 13:34:35','2018-09-25 13:34:35'),(7,'商品管理','products','','/products*','2018-10-12 16:40:42','2018-10-12 16:40:42'),(8,'订单管理','orders','','/orders*','2018-10-12 16:41:18','2018-10-12 16:41:18'),(9,'优惠券管理','coupon_codes','','/coupon_codes*','2018-10-12 16:41:53','2018-10-12 16:41:53');

/*Table structure for table `admin_role_menu` */

DROP TABLE IF EXISTS `admin_role_menu`;

CREATE TABLE `admin_role_menu` (
  `role_id` int(11) NOT NULL,
  `menu_id` int(11) NOT NULL,
  `created_at` timestamp NULL DEFAULT NULL,
  `updated_at` timestamp NULL DEFAULT NULL,
  KEY `admin_role_menu_role_id_menu_id_index` (`role_id`,`menu_id`)
) ENGINE=InnoDB DEFAULT CHARSET=utf8mb4 COLLATE=utf8mb4_unicode_ci;

/*Data for the table `admin_role_menu` */

insert  into `admin_role_menu`(`role_id`,`menu_id`,`created_at`,`updated_at`) values (1,2,NULL,NULL);

/*Table structure for table `admin_role_permissions` */

DROP TABLE IF EXISTS `admin_role_permissions`;

CREATE TABLE `admin_role_permissions` (
  `role_id` int(11) NOT NULL,
  `permission_id` int(11) NOT NULL,
  `created_at` timestamp NULL DEFAULT NULL,
  `updated_at` timestamp NULL DEFAULT NULL,
  KEY `admin_role_permissions_role_id_permission_id_index` (`role_id`,`permission_id`)
) ENGINE=InnoDB DEFAULT CHARSET=utf8mb4 COLLATE=utf8mb4_unicode_ci;

/*Data for the table `admin_role_permissions` */

insert  into `admin_role_permissions`(`role_id`,`permission_id`,`created_at`,`updated_at`) values (1,1,NULL,NULL),(2,2,NULL,NULL),(2,3,NULL,NULL),(2,4,NULL,NULL),(2,6,NULL,NULL),(3,2,NULL,NULL),(3,3,NULL,NULL),(3,4,NULL,NULL),(3,6,NULL,NULL),(3,7,NULL,NULL),(3,8,NULL,NULL),(3,9,NULL,NULL);

/*Table structure for table `admin_role_users` */

DROP TABLE IF EXISTS `admin_role_users`;

CREATE TABLE `admin_role_users` (
  `role_id` int(11) NOT NULL,
  `user_id` int(11) NOT NULL,
  `created_at` timestamp NULL DEFAULT NULL,
  `updated_at` timestamp NULL DEFAULT NULL,
  KEY `admin_role_users_role_id_user_id_index` (`role_id`,`user_id`)
) ENGINE=InnoDB DEFAULT CHARSET=utf8mb4 COLLATE=utf8mb4_unicode_ci;

/*Data for the table `admin_role_users` */

insert  into `admin_role_users`(`role_id`,`user_id`,`created_at`,`updated_at`) values (1,1,NULL,NULL),(3,2,NULL,NULL);

/*Table structure for table `admin_roles` */

DROP TABLE IF EXISTS `admin_roles`;

CREATE TABLE `admin_roles` (
  `id` int(10) unsigned NOT NULL AUTO_INCREMENT,
  `name` varchar(50) COLLATE utf8mb4_unicode_ci NOT NULL,
  `slug` varchar(50) COLLATE utf8mb4_unicode_ci NOT NULL,
  `created_at` timestamp NULL DEFAULT NULL,
  `updated_at` timestamp NULL DEFAULT NULL,
  PRIMARY KEY (`id`),
  UNIQUE KEY `admin_roles_name_unique` (`name`)
) ENGINE=InnoDB AUTO_INCREMENT=4 DEFAULT CHARSET=utf8mb4 COLLATE=utf8mb4_unicode_ci;

/*Data for the table `admin_roles` */

insert  into `admin_roles`(`id`,`name`,`slug`,`created_at`,`updated_at`) values (1,'Administrator','administrator','2018-09-25 11:46:39','2018-09-25 11:46:39'),(2,'财务','caiwu','2018-09-25 13:36:38','2018-09-25 13:36:38'),(3,'运营','operator','2018-10-12 16:43:06','2018-10-12 16:43:06');

/*Table structure for table `admin_user_permissions` */

DROP TABLE IF EXISTS `admin_user_permissions`;

CREATE TABLE `admin_user_permissions` (
  `user_id` int(11) NOT NULL,
  `permission_id` int(11) NOT NULL,
  `created_at` timestamp NULL DEFAULT NULL,
  `updated_at` timestamp NULL DEFAULT NULL,
  KEY `admin_user_permissions_user_id_permission_id_index` (`user_id`,`permission_id`)
) ENGINE=InnoDB DEFAULT CHARSET=utf8mb4 COLLATE=utf8mb4_unicode_ci;

/*Data for the table `admin_user_permissions` */

/*Table structure for table `admin_users` */

DROP TABLE IF EXISTS `admin_users`;

CREATE TABLE `admin_users` (
  `id` int(10) unsigned NOT NULL AUTO_INCREMENT,
  `username` varchar(190) COLLATE utf8mb4_unicode_ci NOT NULL,
  `password` varchar(60) COLLATE utf8mb4_unicode_ci NOT NULL,
  `name` varchar(191) COLLATE utf8mb4_unicode_ci NOT NULL,
  `avatar` varchar(191) COLLATE utf8mb4_unicode_ci DEFAULT NULL,
  `remember_token` varchar(100) COLLATE utf8mb4_unicode_ci DEFAULT NULL,
  `created_at` timestamp NULL DEFAULT NULL,
  `updated_at` timestamp NULL DEFAULT NULL,
  PRIMARY KEY (`id`),
  UNIQUE KEY `admin_users_username_unique` (`username`)
) ENGINE=InnoDB AUTO_INCREMENT=3 DEFAULT CHARSET=utf8mb4 COLLATE=utf8mb4_unicode_ci;

/*Data for the table `admin_users` */

insert  into `admin_users`(`id`,`username`,`password`,`name`,`avatar`,`remember_token`,`created_at`,`updated_at`) values (1,'admin','$2y$10$GF5zV3W2mfpVkDKcN.XaNOHvdVix233IqOQqwbmS4FCaQ1UBqHaeW','Administrator',NULL,'AyqB4epAb9yzmON7HEDWeJVxc42cYmg6o73AWLGgNeBIt8mrm0aEG3UpCatp','2018-09-25 11:46:39','2018-09-25 11:46:39'),(2,'caiwu','$2y$10$9zLhVO9tGLATHmXVk874g.w.yvoDbd58pwRJ1nfvqdm0gtycWJy2O','财务','images/88178.jpg','AsliQpmUPjiLM7DQv2b9jZ9wzsQUhfKNR03DY0ZlICMcIosi9XOC9ttRvHQY','2018-09-25 13:37:53','2018-10-12 16:46:35');

/*Table structure for table `cart_items` */

DROP TABLE IF EXISTS `cart_items`;

CREATE TABLE `cart_items` (
  `id` int(10) unsigned NOT NULL AUTO_INCREMENT,
  `user_id` int(10) unsigned NOT NULL,
  `product_sku_id` int(10) unsigned NOT NULL,
  `amount` int(10) unsigned NOT NULL,
  PRIMARY KEY (`id`),
  KEY `cart_items_user_id_foreign` (`user_id`),
  KEY `cart_items_product_sku_id_foreign` (`product_sku_id`),
  CONSTRAINT `cart_items_product_sku_id_foreign` FOREIGN KEY (`product_sku_id`) REFERENCES `product_skus` (`id`) ON DELETE CASCADE,
  CONSTRAINT `cart_items_user_id_foreign` FOREIGN KEY (`user_id`) REFERENCES `users` (`id`) ON DELETE CASCADE
) ENGINE=InnoDB AUTO_INCREMENT=12 DEFAULT CHARSET=utf8mb4 COLLATE=utf8mb4_unicode_ci;

/*Data for the table `cart_items` */

insert  into `cart_items`(`id`,`user_id`,`product_sku_id`,`amount`) values (2,1,2,3);

/*Table structure for table `coupon_codes` */

DROP TABLE IF EXISTS `coupon_codes`;

CREATE TABLE `coupon_codes` (
  `id` int(10) unsigned NOT NULL AUTO_INCREMENT,
  `name` varchar(191) COLLATE utf8mb4_unicode_ci NOT NULL COMMENT '优惠券的标题',
  `code` varchar(191) COLLATE utf8mb4_unicode_ci NOT NULL COMMENT '优惠码，用户下单时输入',
  `type` varchar(191) COLLATE utf8mb4_unicode_ci NOT NULL COMMENT '优惠券类型，支持固定金额和百分比折扣',
  `value` decimal(8,2) NOT NULL COMMENT '折扣值，根据不同类型含义不同',
  `total` int(10) unsigned NOT NULL COMMENT '全站可兑换的数量',
  `used` int(10) unsigned NOT NULL DEFAULT '0' COMMENT '当前已经兑换的数量',
  `min_amount` decimal(10,2) NOT NULL COMMENT '使用该优惠券的最低订单金额',
  `not_before` datetime DEFAULT NULL COMMENT '在这个时间之前不可用',
  `not_after` datetime DEFAULT NULL COMMENT '在这个时间之后不可用',
  `enabled` tinyint(1) NOT NULL COMMENT '优惠券是否生效',
  `created_at` timestamp NULL DEFAULT NULL,
  `updated_at` timestamp NULL DEFAULT NULL,
  PRIMARY KEY (`id`),
  UNIQUE KEY `coupon_codes_code_unique` (`code`)
) ENGINE=InnoDB AUTO_INCREMENT=12 DEFAULT CHARSET=utf8mb4 COLLATE=utf8mb4_unicode_ci;

/*Data for the table `coupon_codes` */

insert  into `coupon_codes`(`id`,`name`,`code`,`type`,`value`,`total`,`used`,`min_amount`,`not_before`,`not_after`,`enabled`,`created_at`,`updated_at`) values (1,'maxime sed et','HFPJ3XHBPLGG6MNO','percent','34.00',1000,0,'383.00',NULL,NULL,1,'2018-10-12 11:17:24','2018-10-12 11:17:24'),(2,'mollitia cupiditate sint','0JIAFUFUCPBE2IXE','fixed','123.00',1000,0,'123.01',NULL,NULL,1,'2018-10-12 11:17:24','2018-10-12 11:17:24'),(3,'ut laudantium consequatur','PSPS8HYPQNQAAB1K','fixed','80.00',1000,0,'80.01',NULL,NULL,1,'2018-10-12 11:17:24','2018-10-12 11:17:24'),(4,'alias voluptatem cum','DIKNZ8ROEEFHD2VV','fixed','31.00',1000,0,'31.01',NULL,NULL,1,'2018-10-12 11:17:24','2018-10-12 11:17:24'),(5,'aperiam quia laudantium','VD9AHD0EF82V6GOH','percent','26.00',1000,0,'664.00',NULL,NULL,1,'2018-10-12 11:17:24','2018-10-12 11:17:24'),(6,'quae quam quia','XCMRCB62BRUBROH0','percent','21.00',1000,0,'0.00',NULL,NULL,1,'2018-10-12 11:17:24','2018-10-12 11:17:24'),(7,'pariatur et dolore','NUDB7TMTK7VG1GKF','percent','28.00',1000,0,'0.00',NULL,NULL,1,'2018-10-12 11:17:24','2018-10-12 11:17:24'),(8,'velit vitae sit','ITSAKX3BOTTCKFRO','percent','42.00',1000,0,'0.00',NULL,NULL,1,'2018-10-12 11:17:24','2018-10-12 11:17:24'),(9,'est voluptate pariatur','CEJGXR8F7W823ACZ','percent','33.00',1000,0,'0.00',NULL,NULL,1,'2018-10-12 11:17:24','2018-10-12 11:17:24'),(11,'余温','KYDCBHD','percent','50.00',110000,3,'1.00','2018-10-12 00:00:00','2018-10-28 00:00:00',1,'2018-10-12 13:10:07','2018-10-12 16:03:07');

/*Table structure for table `migrations` */

DROP TABLE IF EXISTS `migrations`;

CREATE TABLE `migrations` (
  `id` int(10) unsigned NOT NULL AUTO_INCREMENT,
  `migration` varchar(191) COLLATE utf8mb4_unicode_ci NOT NULL,
  `batch` int(11) NOT NULL,
  PRIMARY KEY (`id`)
) ENGINE=InnoDB AUTO_INCREMENT=23 DEFAULT CHARSET=utf8mb4 COLLATE=utf8mb4_unicode_ci;

/*Data for the table `migrations` */

insert  into `migrations`(`id`,`migration`,`batch`) values (1,'2014_10_12_000000_create_users_table',1),(2,'2014_10_12_100000_create_password_resets_table',1),(3,'2016_01_04_173148_create_admin_tables',1),(4,'2018_09_19_102104_users_add_email_verified',1),(5,'2018_09_20_102441_create_user_addresses_table',1),(10,'2018_09_25_135640_create_products_table',2),(11,'2018_09_25_135826_create_product_skus_table',2),(13,'2018_09_27_094330_create_user_favorite_products_table',3),(14,'2018_09_27_112136_create_cart_items_table',4),(15,'2018_09_29_094104_create_orders_table',5),(16,'2018_09_29_094256_create_order_items_table',5),(21,'2018_10_12_100527_create_coupon_codes_table',6),(22,'2018_10_12_103429_orders_add_coupon_code_id',6);

/*Table structure for table `order_items` */

DROP TABLE IF EXISTS `order_items`;

CREATE TABLE `order_items` (
  `id` int(10) unsigned NOT NULL AUTO_INCREMENT,
  `order_id` int(10) unsigned NOT NULL COMMENT '关联订单表ID',
  `product_id` int(10) unsigned NOT NULL COMMENT '商品表id',
  `product_sku_id` int(10) unsigned NOT NULL COMMENT '商品SKU表id',
  `amount` int(10) unsigned NOT NULL COMMENT '总数',
  `price` decimal(8,2) NOT NULL COMMENT '单价',
  `rating` int(10) unsigned DEFAULT NULL COMMENT '用户评分',
  `review` text COLLATE utf8mb4_unicode_ci COMMENT '用户评价',
  `reviewed_at` timestamp NULL DEFAULT NULL COMMENT '评价时间',
  `created_at` timestamp NULL DEFAULT NULL,
  `updated_at` timestamp NULL DEFAULT NULL,
  PRIMARY KEY (`id`),
  KEY `order_items_order_id_foreign` (`order_id`),
  KEY `order_items_product_id_foreign` (`product_id`),
  KEY `order_items_product_sku_id_foreign` (`product_sku_id`),
  CONSTRAINT `order_items_order_id_foreign` FOREIGN KEY (`order_id`) REFERENCES `orders` (`id`) ON DELETE CASCADE,
  CONSTRAINT `order_items_product_id_foreign` FOREIGN KEY (`product_id`) REFERENCES `products` (`id`) ON DELETE CASCADE,
  CONSTRAINT `order_items_product_sku_id_foreign` FOREIGN KEY (`product_sku_id`) REFERENCES `product_skus` (`id`) ON DELETE CASCADE
) ENGINE=InnoDB AUTO_INCREMENT=43 DEFAULT CHARSET=utf8mb4 COLLATE=utf8mb4_unicode_ci;

/*Data for the table `order_items` */

insert  into `order_items`(`id`,`order_id`,`product_id`,`product_sku_id`,`amount`,`price`,`rating`,`review`,`reviewed_at`,`created_at`,`updated_at`) values (9,5,15,44,1,'681.00',NULL,NULL,NULL,NULL,NULL),(10,5,13,37,4,'6099.00',NULL,NULL,NULL,NULL,NULL),(11,6,3,8,36,'8963.00',NULL,NULL,NULL,NULL,NULL),(12,7,3,8,1,'8963.00',NULL,NULL,NULL,NULL,NULL),(13,8,3,8,1,'8963.00',NULL,NULL,NULL,NULL,NULL),(14,9,3,8,1,'8963.00',NULL,NULL,NULL,NULL,NULL),(15,10,3,8,1,'8963.00',NULL,NULL,NULL,NULL,NULL),(16,11,3,8,1,'8963.00',NULL,NULL,NULL,NULL,NULL),(17,12,3,8,1,'8963.00',NULL,NULL,NULL,NULL,NULL),(18,13,3,8,1,'8963.00',NULL,NULL,NULL,NULL,NULL),(21,16,4,11,1,'7832.00',NULL,NULL,NULL,NULL,NULL),(22,16,4,10,1,'1701.00',NULL,NULL,NULL,NULL,NULL),(23,16,16,48,1,'7498.00',NULL,NULL,NULL,NULL,NULL),(24,16,16,47,18,'7137.00',NULL,NULL,NULL,NULL,NULL),(25,17,3,8,1,'8963.00',NULL,NULL,NULL,NULL,NULL),(26,22,13,37,1,'6099.00',NULL,NULL,NULL,NULL,NULL),(27,23,3,8,1,'8963.00',NULL,NULL,NULL,NULL,NULL),(28,24,17,51,1,'3254.00',NULL,NULL,NULL,NULL,NULL),(29,25,17,51,1,'3254.00',3,'测试最后一次肯定成功','2018-10-11 15:23:35',NULL,NULL),(36,32,4,11,1,'7832.00',NULL,NULL,NULL,NULL,NULL),(37,33,2,5,1,'3281.00',NULL,NULL,NULL,NULL,NULL),(38,34,5,15,2,'395.00',NULL,NULL,NULL,NULL,NULL),(39,35,5,15,2,'395.00',NULL,NULL,NULL,NULL,NULL),(40,36,3,8,1,'8963.00',NULL,NULL,NULL,NULL,NULL),(41,37,3,8,1,'8963.00',NULL,NULL,NULL,NULL,NULL),(42,38,3,8,1,'8963.00',NULL,NULL,NULL,NULL,NULL);

/*Table structure for table `orders` */

DROP TABLE IF EXISTS `orders`;

CREATE TABLE `orders` (
  `id` int(10) unsigned NOT NULL AUTO_INCREMENT,
  `no` varchar(191) COLLATE utf8mb4_unicode_ci NOT NULL COMMENT '订单编号',
  `user_id` int(10) unsigned NOT NULL,
  `address` text COLLATE utf8mb4_unicode_ci NOT NULL COMMENT '地址',
  `total_amount` decimal(8,2) NOT NULL COMMENT '订单总金额',
  `remark` text COLLATE utf8mb4_unicode_ci COMMENT '订单备注',
  `paid_at` datetime DEFAULT NULL COMMENT '支付时间',
  `coupon_code_id` int(10) unsigned DEFAULT NULL COMMENT '优惠券ID',
  `payment_method` varchar(191) COLLATE utf8mb4_unicode_ci DEFAULT NULL COMMENT '支付方式',
  `payment_no` varchar(191) COLLATE utf8mb4_unicode_ci DEFAULT NULL COMMENT '支付平台订单号',
  `refund_status` varchar(191) COLLATE utf8mb4_unicode_ci NOT NULL DEFAULT 'pending' COMMENT '退款状态',
  `refund_no` varchar(191) COLLATE utf8mb4_unicode_ci DEFAULT NULL COMMENT '退款状态',
  `closed` tinyint(1) NOT NULL DEFAULT '0' COMMENT '订单是否已经关闭',
  `reviewed` tinyint(1) NOT NULL DEFAULT '0' COMMENT '是否评论',
  `ship_status` varchar(191) COLLATE utf8mb4_unicode_ci NOT NULL DEFAULT 'pending' COMMENT '物流状态',
  `ship_data` text COLLATE utf8mb4_unicode_ci COMMENT '物流数据',
  `extra` text COLLATE utf8mb4_unicode_ci COMMENT '其他数据',
  `created_at` timestamp NULL DEFAULT NULL,
  `updated_at` timestamp NULL DEFAULT NULL,
  PRIMARY KEY (`id`),
  UNIQUE KEY `orders_no_unique` (`no`),
  KEY `orders_user_id_foreign` (`user_id`),
  KEY `orders_coupon_code_id_foreign` (`coupon_code_id`),
  CONSTRAINT `orders_coupon_code_id_foreign` FOREIGN KEY (`coupon_code_id`) REFERENCES `coupon_codes` (`id`) ON DELETE SET NULL,
  CONSTRAINT `orders_user_id_foreign` FOREIGN KEY (`user_id`) REFERENCES `users` (`id`) ON DELETE CASCADE
) ENGINE=InnoDB AUTO_INCREMENT=39 DEFAULT CHARSET=utf8mb4 COLLATE=utf8mb4_unicode_ci;

/*Data for the table `orders` */

insert  into `orders`(`id`,`no`,`user_id`,`address`,`total_amount`,`remark`,`paid_at`,`coupon_code_id`,`payment_method`,`payment_no`,`refund_status`,`refund_no`,`closed`,`reviewed`,`ship_status`,`ship_data`,`extra`,`created_at`,`updated_at`) values (5,'20180929152850996354',1,'{\"address\":\"\\u5e7f\\u4e1c\\u7701\\u6df1\\u5733\\u5e02\\u798f\\u7530\\u533a\\u7b2c99\\u8857\\u9053\\u7b2c758\\u53f7\",\"zip\":328400,\"contact_name\":\"\\u9f99\\u5efa\\u56fd\",\"contact_phone\":\"18053753979\"}','0.00',NULL,NULL,NULL,NULL,NULL,'pending',NULL,0,0,'pending',NULL,NULL,'2018-09-29 15:28:50','2018-09-29 15:28:50'),(6,'20180929164350766062',1,'{\"address\":\"\\u5e7f\\u4e1c\\u7701\\u6df1\\u5733\\u5e02\\u798f\\u7530\\u533a\\u7b2c99\\u8857\\u9053\\u7b2c758\\u53f7\",\"zip\":328400,\"contact_name\":\"\\u9f99\\u5efa\\u56fd\",\"contact_phone\":\"18053753979\"}','0.00',NULL,NULL,NULL,NULL,NULL,'pending',NULL,0,0,'pending',NULL,NULL,'2018-09-29 16:43:50','2018-09-29 16:43:50'),(7,'20180929170612471208',1,'{\"address\":\"\\u5e7f\\u4e1c\\u7701\\u6df1\\u5733\\u5e02\\u798f\\u7530\\u533a\\u7b2c99\\u8857\\u9053\\u7b2c758\\u53f7\",\"zip\":328400,\"contact_name\":\"\\u9f99\\u5efa\\u56fd\",\"contact_phone\":\"18053753979\"}','0.00',NULL,NULL,NULL,NULL,NULL,'pending',NULL,0,0,'pending',NULL,NULL,'2018-09-29 17:06:13','2018-09-29 17:06:13'),(8,'20180929171214155373',1,'{\"address\":\"\\u5e7f\\u4e1c\\u7701\\u6df1\\u5733\\u5e02\\u798f\\u7530\\u533a\\u7b2c99\\u8857\\u9053\\u7b2c758\\u53f7\",\"zip\":328400,\"contact_name\":\"\\u9f99\\u5efa\\u56fd\",\"contact_phone\":\"18053753979\"}','0.00',NULL,NULL,NULL,NULL,NULL,'pending',NULL,0,0,'pending',NULL,NULL,'2018-09-29 17:12:14','2018-09-29 17:12:14'),(9,'20180929171418020678',1,'{\"address\":\"\\u5e7f\\u4e1c\\u7701\\u6df1\\u5733\\u5e02\\u798f\\u7530\\u533a\\u7b2c99\\u8857\\u9053\\u7b2c758\\u53f7\",\"zip\":328400,\"contact_name\":\"\\u9f99\\u5efa\\u56fd\",\"contact_phone\":\"18053753979\"}','0.00',NULL,NULL,NULL,NULL,NULL,'pending',NULL,0,0,'pending',NULL,NULL,'2018-09-29 17:14:18','2018-09-29 17:14:18'),(10,'20180929171440198768',1,'{\"address\":\"\\u5e7f\\u4e1c\\u7701\\u6df1\\u5733\\u5e02\\u798f\\u7530\\u533a\\u7b2c99\\u8857\\u9053\\u7b2c758\\u53f7\",\"zip\":328400,\"contact_name\":\"\\u9f99\\u5efa\\u56fd\",\"contact_phone\":\"18053753979\"}','0.00',NULL,NULL,NULL,NULL,NULL,'pending',NULL,0,0,'pending',NULL,NULL,'2018-09-29 17:14:40','2018-09-29 17:14:40'),(11,'20180929171928151075',1,'{\"address\":\"\\u5e7f\\u4e1c\\u7701\\u6df1\\u5733\\u5e02\\u798f\\u7530\\u533a\\u7b2c99\\u8857\\u9053\\u7b2c758\\u53f7\",\"zip\":328400,\"contact_name\":\"\\u9f99\\u5efa\\u56fd\",\"contact_phone\":\"18053753979\"}','0.00',NULL,NULL,NULL,NULL,NULL,'pending',NULL,0,0,'pending',NULL,NULL,'2018-09-29 17:19:28','2018-09-29 17:19:28'),(12,'20180929172214928971',1,'{\"address\":\"\\u5e7f\\u4e1c\\u7701\\u6df1\\u5733\\u5e02\\u798f\\u7530\\u533a\\u7b2c99\\u8857\\u9053\\u7b2c758\\u53f7\",\"zip\":328400,\"contact_name\":\"\\u9f99\\u5efa\\u56fd\",\"contact_phone\":\"18053753979\"}','0.00',NULL,NULL,NULL,NULL,NULL,'pending',NULL,0,0,'pending',NULL,NULL,'2018-09-29 17:22:14','2018-09-29 17:22:14'),(13,'20180929172251884935',1,'{\"address\":\"\\u5e7f\\u4e1c\\u7701\\u6df1\\u5733\\u5e02\\u798f\\u7530\\u533a\\u7b2c99\\u8857\\u9053\\u7b2c758\\u53f7\",\"zip\":328400,\"contact_name\":\"\\u9f99\\u5efa\\u56fd\",\"contact_phone\":\"18053753979\"}','0.00',NULL,NULL,NULL,NULL,NULL,'pending',NULL,1,0,'pending',NULL,NULL,'2018-09-29 17:22:51','2018-09-29 17:23:04'),(16,'20180929175639143478',1,'{\"address\":\"\\u5e7f\\u4e1c\\u7701\\u6df1\\u5733\\u5e02\\u798f\\u7530\\u533a\\u7b2c99\\u8857\\u9053\\u7b2c758\\u53f7\",\"zip\":328400,\"contact_name\":\"\\u9f99\\u5efa\\u56fd\",\"contact_phone\":\"18053753979\"}','145497.00',NULL,NULL,NULL,NULL,NULL,'pending',NULL,1,0,'pending',NULL,NULL,'2018-09-29 17:56:39','2018-09-30 17:56:41'),(17,'20180930143136615634',1,'{\"address\":\"\\u5e7f\\u4e1c\\u7701\\u6df1\\u5733\\u5e02\\u798f\\u7530\\u533a\\u7b2c99\\u8857\\u9053\\u7b2c758\\u53f7\",\"zip\":328400,\"contact_name\":\"\\u9f99\\u5efa\\u56fd\",\"contact_phone\":\"18053753979\"}','8963.00',NULL,NULL,NULL,NULL,NULL,'pending',NULL,1,0,'pending',NULL,NULL,'2018-09-30 14:31:36','2018-10-09 16:37:51'),(18,'20180930154809553239',1,'{\"address\":\"\\u5e7f\\u4e1c\\u7701\\u6df1\\u5733\\u5e02\\u798f\\u7530\\u533a\\u7b2c99\\u8857\\u9053\\u7b2c758\\u53f7\",\"zip\":328400,\"contact_name\":\"\\u9f99\\u5efa\\u56fd\",\"contact_phone\":\"18053753979\"}','8322.00',NULL,NULL,NULL,NULL,NULL,'pending',NULL,1,0,'pending',NULL,NULL,'2018-09-30 15:48:09','2018-09-30 15:48:22'),(19,'20180930155037120051',1,'{\"address\":\"\\u5e7f\\u4e1c\\u7701\\u6df1\\u5733\\u5e02\\u798f\\u7530\\u533a\\u7b2c99\\u8857\\u9053\\u7b2c758\\u53f7\",\"zip\":328400,\"contact_name\":\"\\u9f99\\u5efa\\u56fd\",\"contact_phone\":\"18053753979\"}','8322.00',NULL,NULL,NULL,NULL,NULL,'pending',NULL,1,0,'pending',NULL,NULL,'2018-09-30 15:50:37','2018-09-30 15:50:48'),(20,'20181009110054775404',1,'{\"address\":\"\\u5e7f\\u4e1c\\u7701\\u6df1\\u5733\\u5e02\\u798f\\u7530\\u533a\\u7b2c99\\u8857\\u9053\\u7b2c758\\u53f7\",\"zip\":328400,\"contact_name\":\"\\u9f99\\u5efa\\u56fd\",\"contact_phone\":\"18053753979\"}','8963.00',NULL,NULL,NULL,NULL,NULL,'pending',NULL,1,0,'pending',NULL,NULL,'2018-10-09 11:00:54','2018-10-09 16:37:52'),(21,'20181009111055110060',1,'{\"address\":\"\\u5e7f\\u4e1c\\u7701\\u6df1\\u5733\\u5e02\\u798f\\u7530\\u533a\\u7b2c99\\u8857\\u9053\\u7b2c758\\u53f7\",\"zip\":328400,\"contact_name\":\"\\u9f99\\u5efa\\u56fd\",\"contact_phone\":\"18053753979\"}','6099.00',NULL,NULL,NULL,NULL,NULL,'pending',NULL,1,0,'pending',NULL,NULL,'2018-10-09 11:10:55','2018-10-09 16:37:52'),(22,'20181009111421123940',1,'{\"address\":\"\\u5e7f\\u4e1c\\u7701\\u6df1\\u5733\\u5e02\\u798f\\u7530\\u533a\\u7b2c99\\u8857\\u9053\\u7b2c758\\u53f7\",\"zip\":328400,\"contact_name\":\"\\u9f99\\u5efa\\u56fd\",\"contact_phone\":\"18053753979\"}','6099.00',NULL,NULL,NULL,NULL,NULL,'pending',NULL,1,0,'pending',NULL,NULL,'2018-10-09 11:14:21','2018-10-09 16:37:52'),(23,'20181009113844468302',1,'{\"address\":\"\\u5e7f\\u4e1c\\u7701\\u6df1\\u5733\\u5e02\\u798f\\u7530\\u533a\\u7b2c99\\u8857\\u9053\\u7b2c758\\u53f7\",\"zip\":328400,\"contact_name\":\"\\u9f99\\u5efa\\u56fd\",\"contact_phone\":\"18053753979\"}','8963.00',NULL,NULL,NULL,NULL,NULL,'pending',NULL,1,0,'pending',NULL,NULL,'2018-10-09 11:38:44','2018-10-09 16:37:52'),(24,'20181009133240954778',1,'{\"address\":\"\\u5e7f\\u4e1c\\u7701\\u6df1\\u5733\\u5e02\\u798f\\u7530\\u533a\\u7b2c99\\u8857\\u9053\\u7b2c758\\u53f7\",\"zip\":328400,\"contact_name\":\"\\u9f99\\u5efa\\u56fd\",\"contact_phone\":\"18053753979\"}','3254.00',NULL,NULL,NULL,NULL,NULL,'pending',NULL,1,0,'pending',NULL,NULL,'2018-10-09 13:32:40','2018-10-09 16:37:52'),(25,'20181009133251964354',1,'{\"address\":\"\\u5e7f\\u4e1c\\u7701\\u6df1\\u5733\\u5e02\\u798f\\u7530\\u533a\\u7b2c99\\u8857\\u9053\\u7b2c758\\u53f7\",\"zip\":328400,\"contact_name\":\"\\u9f99\\u5efa\\u56fd\",\"contact_phone\":\"18053753979\"}','3254.00',NULL,'2018-10-09 14:07:12',NULL,'alipay','2018100921001004480500593746','success','6ae7876beb1940ffb368bbd1ce6c0b29',0,0,'received','{\"express_company\":\"\\u987a\\u4e30\",\"express_no\":\"1234165479\"}','{\"refund_reason\":\"\\u4e0d\\u8981\\u884c\\u4e0d\\u884c\",\"refund_disagree_reason\":\"\\u4e0d\\u540c\\u610f\\u3001\"}','2018-10-09 13:32:51','2018-10-11 17:15:24'),(32,'20181012160307134539',1,'{\"address\":\"\\u5e7f\\u4e1c\\u7701\\u6df1\\u5733\\u5e02\\u798f\\u7530\\u533a\\u7b2c99\\u8857\\u9053\\u7b2c758\\u53f7\",\"zip\":328400,\"contact_name\":\"\\u9f99\\u5efa\\u56fd\",\"contact_phone\":\"18053753979\"}','3916.00',NULL,NULL,11,NULL,NULL,'pending',NULL,0,0,'pending',NULL,NULL,'2018-10-12 16:03:07','2018-10-12 16:03:07'),(33,'20181012160705891660',1,'{\"address\":\"\\u5e7f\\u4e1c\\u7701\\u6df1\\u5733\\u5e02\\u798f\\u7530\\u533a\\u7b2c99\\u8857\\u9053\\u7b2c758\\u53f7\",\"zip\":328400,\"contact_name\":\"\\u9f99\\u5efa\\u56fd\",\"contact_phone\":\"18053753979\"}','3281.00',NULL,NULL,NULL,NULL,NULL,'pending',NULL,0,0,'pending',NULL,NULL,'2018-10-12 16:07:05','2018-10-12 16:07:05'),(34,'20181012161118200084',1,'{\"address\":\"\\u5e7f\\u4e1c\\u7701\\u6df1\\u5733\\u5e02\\u798f\\u7530\\u533a\\u7b2c99\\u8857\\u9053\\u7b2c758\\u53f7\",\"zip\":328400,\"contact_name\":\"\\u9f99\\u5efa\\u56fd\",\"contact_phone\":\"18053753979\"}','790.00',NULL,NULL,NULL,NULL,NULL,'pending',NULL,0,0,'pending',NULL,NULL,'2018-10-12 16:11:18','2018-10-12 16:11:18'),(35,'20181012161205928056',1,'{\"address\":\"\\u5e7f\\u4e1c\\u7701\\u6df1\\u5733\\u5e02\\u798f\\u7530\\u533a\\u7b2c99\\u8857\\u9053\\u7b2c758\\u53f7\",\"zip\":328400,\"contact_name\":\"\\u9f99\\u5efa\\u56fd\",\"contact_phone\":\"18053753979\"}','790.00',NULL,NULL,NULL,NULL,NULL,'pending',NULL,0,0,'pending',NULL,NULL,'2018-10-12 16:12:05','2018-10-12 16:12:05'),(36,'20181012161231646398',1,'{\"address\":\"\\u6c5f\\u82cf\\u7701\\u5357\\u4eac\\u5e02\\u6d66\\u53e3\\u533a\\u7b2c37\\u8857\\u9053\\u7b2c367\\u53f7\",\"zip\":433400,\"contact_name\":\"\\u8c0c\\u654f\",\"contact_phone\":\"13964386426\"}','8963.00',NULL,NULL,NULL,NULL,NULL,'pending',NULL,0,0,'pending',NULL,NULL,'2018-10-12 16:12:31','2018-10-12 16:12:31'),(37,'20181012161345553424',1,'{\"address\":\"\\u6c5f\\u82cf\\u7701\\u5357\\u4eac\\u5e02\\u6d66\\u53e3\\u533a\\u7b2c37\\u8857\\u9053\\u7b2c367\\u53f7\",\"zip\":433400,\"contact_name\":\"\\u8c0c\\u654f\",\"contact_phone\":\"13964386426\"}','8963.00',NULL,NULL,NULL,NULL,NULL,'pending',NULL,0,0,'pending',NULL,NULL,'2018-10-12 16:13:45','2018-10-12 16:13:45'),(38,'20181012161403957444',1,'{\"address\":\"\\u6c5f\\u82cf\\u7701\\u5357\\u4eac\\u5e02\\u6d66\\u53e3\\u533a\\u7b2c37\\u8857\\u9053\\u7b2c367\\u53f7\",\"zip\":433400,\"contact_name\":\"\\u8c0c\\u654f\",\"contact_phone\":\"13964386426\"}','8963.00',NULL,NULL,NULL,NULL,NULL,'pending',NULL,0,0,'pending',NULL,NULL,'2018-10-12 16:14:03','2018-10-12 16:14:03');

/*Table structure for table `password_resets` */

DROP TABLE IF EXISTS `password_resets`;

CREATE TABLE `password_resets` (
  `email` varchar(191) COLLATE utf8mb4_unicode_ci NOT NULL,
  `token` varchar(191) COLLATE utf8mb4_unicode_ci NOT NULL,
  `created_at` timestamp NULL DEFAULT NULL,
  KEY `password_resets_email_index` (`email`)
) ENGINE=InnoDB DEFAULT CHARSET=utf8mb4 COLLATE=utf8mb4_unicode_ci;

/*Data for the table `password_resets` */

/*Table structure for table `product_skus` */

DROP TABLE IF EXISTS `product_skus`;

CREATE TABLE `product_skus` (
  `id` int(10) unsigned NOT NULL AUTO_INCREMENT,
  `title` varchar(191) COLLATE utf8mb4_unicode_ci NOT NULL,
  `description` varchar(191) COLLATE utf8mb4_unicode_ci NOT NULL,
  `price` decimal(8,2) NOT NULL,
  `stock` int(10) unsigned NOT NULL,
  `product_id` int(10) unsigned NOT NULL,
  `created_at` timestamp NULL DEFAULT NULL,
  `updated_at` timestamp NULL DEFAULT NULL,
  PRIMARY KEY (`id`),
  KEY `product_skus_product_id_foreign` (`product_id`),
  CONSTRAINT `product_skus_product_id_foreign` FOREIGN KEY (`product_id`) REFERENCES `products` (`id`) ON DELETE CASCADE
) ENGINE=InnoDB AUTO_INCREMENT=91 DEFAULT CHARSET=utf8mb4 COLLATE=utf8mb4_unicode_ci;

/*Data for the table `product_skus` */

insert  into `product_skus`(`id`,`title`,`description`,`price`,`stock`,`product_id`,`created_at`,`updated_at`) values (1,'ut','A totam iusto dolor qui nihil vel qui.','4128.00',95836,1,'2018-09-27 09:58:24','2018-09-27 09:58:24'),(2,'delectus','Necessitatibus sed optio quas consequatur dignissimos nemo.','6003.00',96845,1,'2018-09-27 09:58:24','2018-09-27 09:58:24'),(3,'iure','Esse dignissimos fugiat velit ad minus quod.','7094.00',64618,1,'2018-09-27 09:58:24','2018-09-27 09:58:24'),(4,'dolore','Eligendi fugit ut et a sit.','4809.00',78765,2,'2018-09-27 09:58:24','2018-09-27 09:58:24'),(5,'voluptates','Ut eius soluta voluptas qui veniam expedita et.','3281.00',94472,2,'2018-09-27 09:58:24','2018-10-12 16:07:05'),(6,'officiis','Pariatur dolore et omnis autem non nostrum animi quibusdam.','8691.00',15035,2,'2018-09-27 09:58:24','2018-09-27 09:58:24'),(7,'beatae','Perspiciatis ipsam doloremque temporibus quibusdam molestias consequatur.','1983.00',1451,3,'2018-09-27 09:58:24','2018-09-27 09:58:24'),(8,'voluptate','Et cumque cumque ut nesciunt rerum minima expedita.','8963.00',63588,3,'2018-09-27 09:58:24','2018-10-12 16:14:03'),(9,'sit','Sunt ea culpa impedit iure.','5147.00',23472,3,'2018-09-27 09:58:24','2018-09-27 09:58:24'),(10,'possimus','Et commodi et facilis.','1701.00',14246,4,'2018-09-27 09:58:24','2018-10-12 14:49:59'),(11,'architecto','Et voluptatem aut architecto laborum quis earum.','7832.00',62004,4,'2018-09-27 09:58:24','2018-10-12 16:03:07'),(12,'ducimus','Laborum quaerat expedita ab.','4828.00',75090,4,'2018-09-27 09:58:24','2018-09-27 09:58:24'),(13,'nemo','Quibusdam rerum nisi non eligendi et illo minima illo.','4608.00',81099,5,'2018-09-27 09:58:24','2018-09-27 09:58:24'),(14,'aut','Et dolore voluptatem eum.','904.00',86021,5,'2018-09-27 09:58:24','2018-09-27 09:58:24'),(15,'quo','Quasi numquam saepe mollitia sed.','395.00',47058,5,'2018-09-27 09:58:24','2018-10-12 16:12:05'),(16,'sunt','Ullam dolor ut enim consequatur omnis sint asperiores.','8473.00',28336,6,'2018-09-27 09:58:24','2018-09-27 09:58:24'),(17,'magni','Est est facere quia sunt voluptas officiis qui optio.','4161.00',40521,6,'2018-09-27 09:58:24','2018-09-30 15:50:37'),(18,'sunt','Necessitatibus odio quia rerum sint commodi voluptate.','6217.00',4755,6,'2018-09-27 09:58:24','2018-09-27 09:58:24'),(19,'est','Sit assumenda repellendus sunt laborum quo et.','2250.00',95336,7,'2018-09-27 09:58:24','2018-09-27 09:58:24'),(20,'et','Optio corrupti est iste sed omnis explicabo atque.','6599.00',48770,7,'2018-09-27 09:58:24','2018-09-27 09:58:24'),(21,'est','Unde commodi necessitatibus eaque aut optio.','4146.00',74001,7,'2018-09-27 09:58:24','2018-09-27 09:58:24'),(22,'non','Libero natus eveniet mollitia.','7030.00',30580,8,'2018-09-27 09:58:24','2018-09-27 09:58:24'),(23,'vel','Rerum quisquam sit vitae vel similique.','619.00',40463,8,'2018-09-27 09:58:24','2018-09-27 09:58:24'),(24,'saepe','Laborum odio doloribus sit ut error molestiae.','988.00',27324,8,'2018-09-27 09:58:24','2018-09-27 09:58:24'),(25,'nisi','Culpa adipisci ut facilis cupiditate perferendis rerum illum quaerat.','9391.00',4782,9,'2018-09-27 09:58:24','2018-09-27 09:58:24'),(26,'recusandae','Impedit omnis et laboriosam ipsa sit.','7496.00',22354,9,'2018-09-27 09:58:24','2018-09-27 09:58:24'),(27,'quia','Voluptatem perferendis iusto voluptatem magnam velit unde.','9863.00',2266,9,'2018-09-27 09:58:24','2018-09-27 09:58:24'),(28,'tempore','Quisquam reprehenderit modi quos quam.','9883.00',39786,10,'2018-09-27 09:58:24','2018-09-27 09:58:24'),(29,'aliquid','Sit sit qui voluptatem maiores voluptatem.','4850.00',71771,10,'2018-09-27 09:58:24','2018-09-27 09:58:24'),(30,'fugit','Error quo laudantium quas fugit est.','4753.00',30123,10,'2018-09-27 09:58:24','2018-09-27 09:58:24'),(31,'eveniet','Repudiandae qui tempora in aut.','9843.00',79615,11,'2018-09-27 09:58:24','2018-09-27 09:58:24'),(32,'atque','Aut iusto nesciunt vel ipsum.','5613.00',33001,11,'2018-09-27 09:58:24','2018-09-27 09:58:24'),(33,'cumque','Est ea rem illo et velit enim asperiores.','3103.00',35881,11,'2018-09-27 09:58:24','2018-09-27 09:58:24'),(34,'itaque','Quisquam voluptas illo aut ea.','3590.00',21513,12,'2018-09-27 09:58:24','2018-09-27 09:58:24'),(35,'est','Et at et quidem facilis.','4305.00',40851,12,'2018-09-27 09:58:24','2018-09-27 09:58:24'),(36,'et','Esse et autem atque perspiciatis neque magni.','6029.00',38072,12,'2018-09-27 09:58:24','2018-09-27 09:58:24'),(37,'necessitatibus','Omnis ut veniam voluptates fuga iusto dolores culpa.','6099.00',80288,13,'2018-09-27 09:58:24','2018-10-09 16:37:52'),(38,'eius','Eum et natus neque ipsa natus necessitatibus nam.','3330.00',56809,13,'2018-09-27 09:58:24','2018-09-27 09:58:24'),(39,'sequi','Odio eveniet neque est ut id voluptatem.','3021.00',89861,13,'2018-09-27 09:58:24','2018-09-27 09:58:24'),(40,'ut','Maxime placeat exercitationem neque eaque aliquam vel repellat optio.','8593.00',28216,14,'2018-09-27 09:58:25','2018-09-27 09:58:25'),(41,'quia','Occaecati quod molestias est dolores aperiam laudantium excepturi cum.','7547.00',2054,14,'2018-09-27 09:58:25','2018-09-27 09:58:25'),(42,'neque','Enim aut modi nisi tenetur maiores voluptatem.','4170.00',79578,14,'2018-09-27 09:58:25','2018-09-27 09:58:25'),(43,'laboriosam','Atque amet magnam molestiae.','8364.00',81279,15,'2018-09-27 09:58:25','2018-09-27 09:58:25'),(44,'accusamus','Consequatur quisquam quisquam rem et voluptatem id.','681.00',41895,15,'2018-09-27 09:58:25','2018-09-29 15:28:50'),(45,'ipsam','Vel repellendus fugiat unde consectetur perspiciatis omnis.','5116.00',6602,15,'2018-09-27 09:58:25','2018-09-27 09:58:25'),(46,'et','Illum culpa sed quis eum veniam amet quas.','4716.00',50027,16,'2018-09-27 09:58:25','2018-09-27 09:58:25'),(47,'ipsum','Aut cum perferendis similique dolores aliquid asperiores.','7137.00',56892,16,'2018-09-27 09:58:25','2018-10-09 16:37:52'),(48,'ipsam','Id neque ratione illo placeat facere.','7498.00',48876,16,'2018-09-27 09:58:25','2018-10-09 16:37:52'),(49,'vel','A ea et sit incidunt consectetur molestias voluptatem.','3322.00',44738,17,'2018-09-27 09:58:25','2018-09-27 09:58:25'),(50,'ut','Saepe ea beatae alias sit ut necessitatibus.','6387.00',74002,17,'2018-09-27 09:58:25','2018-09-27 09:58:25'),(51,'sint','Fugit occaecati error repudiandae quae assumenda in tenetur.','3254.00',82314,17,'2018-09-27 09:58:25','2018-10-09 16:37:52'),(52,'enim','Minus aut qui quod et placeat esse ut.','9566.00',12807,18,'2018-09-27 09:58:25','2018-09-27 09:58:25'),(53,'nisi','Dolorum provident ad rerum tempora porro.','1765.00',93258,18,'2018-09-27 09:58:25','2018-09-27 09:58:25'),(54,'similique','Minima ut nesciunt molestiae blanditiis dolorem.','6661.00',31902,18,'2018-09-27 09:58:25','2018-09-27 09:58:25'),(55,'assumenda','Qui dolorum aut laboriosam.','4636.00',81634,19,'2018-09-27 09:58:25','2018-09-27 09:58:25'),(56,'dolore','Voluptas laboriosam magnam quo perspiciatis.','9761.00',37358,19,'2018-09-27 09:58:25','2018-09-27 09:58:25'),(57,'illum','Temporibus quasi aut non similique iste vitae sed.','6018.00',56777,19,'2018-09-27 09:58:25','2018-09-27 09:58:25'),(58,'sapiente','Impedit voluptates impedit inventore.','1580.00',33022,20,'2018-09-27 09:58:25','2018-09-27 09:58:25'),(59,'dolores','Sequi nostrum sunt possimus dicta tempora omnis quia.','2988.00',83481,20,'2018-09-27 09:58:25','2018-09-27 09:58:25'),(60,'necessitatibus','Nisi molestias quia et quisquam aut fugit.','5994.00',4441,20,'2018-09-27 09:58:25','2018-09-27 09:58:25'),(61,'magnam','Nemo et dignissimos libero odio est doloremque aut quaerat.','2939.00',89146,21,'2018-09-27 09:58:25','2018-09-27 09:58:25'),(62,'voluptatem','Pariatur repudiandae nam necessitatibus laudantium aliquid esse quia.','2956.00',23021,21,'2018-09-27 09:58:25','2018-09-27 09:58:25'),(63,'unde','Excepturi rerum aut eaque.','9540.00',27006,21,'2018-09-27 09:58:25','2018-09-27 09:58:25'),(64,'voluptas','Consectetur eum sint perferendis rerum ex consequatur consectetur.','8451.00',39388,22,'2018-09-27 09:58:25','2018-09-27 09:58:25'),(65,'at','Quibusdam temporibus vel rerum voluptas error sunt.','7534.00',29032,22,'2018-09-27 09:58:25','2018-09-27 09:58:25'),(66,'dolores','Cum est voluptatem rem dolor quis ut.','2354.00',57984,22,'2018-09-27 09:58:25','2018-09-27 09:58:25'),(67,'aspernatur','Inventore delectus et nam blanditiis aliquid.','4891.00',41890,23,'2018-09-27 09:58:25','2018-09-27 09:58:25'),(68,'velit','Debitis et molestiae tempore fugiat aut nulla.','8302.00',75753,23,'2018-09-27 09:58:25','2018-09-27 09:58:25'),(69,'blanditiis','Culpa beatae quis ipsa nihil.','5945.00',87705,23,'2018-09-27 09:58:25','2018-09-27 09:58:25'),(70,'deleniti','Atque et eum autem ipsa deleniti dolor molestias.','3611.00',62951,24,'2018-09-27 09:58:25','2018-09-27 09:58:25'),(71,'porro','Fugiat nesciunt cumque qui et.','7995.00',85090,24,'2018-09-27 09:58:25','2018-09-27 09:58:25'),(72,'omnis','Rerum consequatur repellat enim eum quo.','8257.00',48209,24,'2018-09-27 09:58:25','2018-09-27 09:58:25'),(73,'libero','Nihil consequatur perspiciatis officia laborum voluptatem rerum et.','1471.00',13643,25,'2018-09-27 09:58:25','2018-09-27 09:58:25'),(74,'rerum','In exercitationem labore laudantium.','648.00',70623,25,'2018-09-27 09:58:25','2018-09-27 09:58:25'),(75,'voluptas','Consectetur et voluptas recusandae cum porro voluptatum.','6835.00',15350,25,'2018-09-27 09:58:25','2018-09-27 09:58:25'),(76,'pariatur','Excepturi cumque natus nobis et magni consequatur.','9046.00',61367,26,'2018-09-27 09:58:25','2018-09-27 09:58:25'),(77,'tempora','Dolorem tenetur ex eligendi rerum explicabo.','4852.00',64348,26,'2018-09-27 09:58:25','2018-09-27 09:58:25'),(78,'accusamus','Repudiandae adipisci ducimus molestiae excepturi adipisci ratione.','1301.00',68672,26,'2018-09-27 09:58:25','2018-09-27 09:58:25'),(79,'quisquam','Adipisci aspernatur fuga velit repellendus architecto labore dolorum.','4898.00',8424,27,'2018-09-27 09:58:25','2018-09-27 09:58:25'),(80,'explicabo','Sequi est veritatis aut dolores quaerat asperiores dicta qui.','7500.00',50243,27,'2018-09-27 09:58:25','2018-09-27 09:58:25'),(81,'omnis','Enim maxime perspiciatis quia quas quam qui.','7103.00',18278,27,'2018-09-27 09:58:25','2018-09-27 09:58:25'),(82,'veniam','Fugit eaque ut delectus expedita earum nam ullam perspiciatis.','9229.00',36074,28,'2018-09-27 09:58:25','2018-09-27 09:58:25'),(83,'consequatur','Aut distinctio in aut et.','4268.00',53859,28,'2018-09-27 09:58:25','2018-09-27 09:58:25'),(84,'animi','Excepturi deleniti neque non voluptate aut aut esse autem.','6901.00',15715,28,'2018-09-27 09:58:25','2018-09-27 09:58:25'),(85,'perspiciatis','Nulla sapiente tenetur in autem quis asperiores dolorem.','9517.00',24603,29,'2018-09-27 09:58:25','2018-09-27 09:58:25'),(86,'in','Velit quia delectus occaecati velit amet eum.','6986.00',34159,29,'2018-09-27 09:58:25','2018-09-27 09:58:25'),(87,'temporibus','Enim neque asperiores consequuntur quia.','2277.00',64039,29,'2018-09-27 09:58:25','2018-09-27 09:58:25'),(88,'sit','Et fuga cupiditate sit sed.','1507.00',7439,30,'2018-09-27 09:58:25','2018-09-27 09:58:25'),(89,'est','Voluptas mollitia eos porro nulla.','3121.00',93216,30,'2018-09-27 09:58:25','2018-09-27 09:58:25'),(90,'cupiditate','Blanditiis et ut et accusantium iste blanditiis atque.','6798.00',7582,30,'2018-09-27 09:58:25','2018-09-27 09:58:25');

/*Table structure for table `products` */

DROP TABLE IF EXISTS `products`;

CREATE TABLE `products` (
  `id` int(10) unsigned NOT NULL AUTO_INCREMENT,
  `title` varchar(191) COLLATE utf8mb4_unicode_ci NOT NULL,
  `description` text COLLATE utf8mb4_unicode_ci NOT NULL,
  `image` varchar(191) COLLATE utf8mb4_unicode_ci NOT NULL,
  `on_sale` tinyint(1) NOT NULL DEFAULT '1',
  `rating` double(8,2) NOT NULL DEFAULT '5.00',
  `sold_count` int(10) unsigned NOT NULL DEFAULT '0',
  `review_count` int(10) unsigned NOT NULL DEFAULT '0',
  `price` decimal(10,2) NOT NULL,
  `created_at` timestamp NULL DEFAULT NULL,
  `updated_at` timestamp NULL DEFAULT NULL,
  PRIMARY KEY (`id`)
) ENGINE=InnoDB AUTO_INCREMENT=31 DEFAULT CHARSET=utf8mb4 COLLATE=utf8mb4_unicode_ci;

/*Data for the table `products` */

insert  into `products`(`id`,`title`,`description`,`image`,`on_sale`,`rating`,`sold_count`,`review_count`,`price`,`created_at`,`updated_at`) values (1,'quo','<p>&nbsp; &nbsp; &nbsp; &nbsp; &nbsp; &nbsp;Molestiae iure itaque quod provident.\r\n &nbsp; &nbsp; &nbsp; &nbsp;</p>','https://lccdn.phphub.org/uploads/images/201806/01/5320/1B3n0ATKrn.jpg',0,4.00,0,0,'4128.00','2018-09-27 09:58:24','2018-09-27 16:10:49'),(2,'est','Dolores fugit distinctio sed.','https://lccdn.phphub.org/uploads/images/201806/01/5320/uYEHCJ1oRp.jpg',1,5.00,0,0,'3281.00','2018-09-27 09:58:24','2018-09-27 09:58:24'),(3,'qui','Qui nihil rerum excepturi sit velit vero natus.','https://lccdn.phphub.org/uploads/images/201806/01/5320/82Wf2sg8gM.jpg',1,1.00,0,0,'1983.00','2018-09-27 09:58:24','2018-09-27 09:58:24'),(4,'perferendis','Quidem consequatur veniam error aut enim ea.','https://lccdn.phphub.org/uploads/images/201806/01/5320/7kG1HekGK6.jpg',1,1.00,0,0,'1701.00','2018-09-27 09:58:24','2018-09-27 09:58:24'),(5,'sed','Dolorem aut rerum id corrupti qui ad.','https://lccdn.phphub.org/uploads/images/201806/01/5320/C0bVuKB2nt.jpg',1,5.00,0,0,'395.00','2018-09-27 09:58:24','2018-09-27 09:58:24'),(6,'ut','Esse delectus consequuntur et non vero.','https://lccdn.phphub.org/uploads/images/201806/01/5320/1B3n0ATKrn.jpg',1,2.00,0,0,'4161.00','2018-09-27 09:58:24','2018-09-27 09:58:24'),(7,'aliquid','Quo quas sunt quaerat alias aliquid corrupti deserunt.','https://lccdn.phphub.org/uploads/images/201806/01/5320/r3BNRe4zXG.jpg',1,2.00,0,0,'2250.00','2018-09-27 09:58:24','2018-09-27 09:58:24'),(8,'nihil','Minus dolorem ad qui deserunt.','https://lccdn.phphub.org/uploads/images/201806/01/5320/1B3n0ATKrn.jpg',1,0.00,0,0,'619.00','2018-09-27 09:58:24','2018-09-27 09:58:24'),(9,'dolorem','At enim debitis natus sit consequuntur eligendi dolor.','https://lccdn.phphub.org/uploads/images/201806/01/5320/uYEHCJ1oRp.jpg',1,3.00,0,0,'7496.00','2018-09-27 09:58:24','2018-09-27 09:58:24'),(10,'ab','Cupiditate quod quia delectus sequi reprehenderit laudantium dolor.','https://lccdn.phphub.org/uploads/images/201806/01/5320/uYEHCJ1oRp.jpg',1,2.00,0,0,'4753.00','2018-09-27 09:58:24','2018-09-27 09:58:24'),(11,'voluptatem','Voluptatibus possimus voluptas doloribus neque.','https://lccdn.phphub.org/uploads/images/201806/01/5320/pa7DrV43Mw.jpg',1,3.00,0,0,'3103.00','2018-09-27 09:58:24','2018-09-27 09:58:24'),(12,'facere','Eaque occaecati reiciendis harum at architecto culpa ipsam.','https://lccdn.phphub.org/uploads/images/201806/01/5320/2JMRaFwRpo.jpg',1,5.00,0,0,'3590.00','2018-09-27 09:58:24','2018-09-27 09:58:24'),(13,'quas','Est veritatis voluptas amet qui natus commodi.','https://lccdn.phphub.org/uploads/images/201806/01/5320/XrtIwzrxj7.jpg',1,4.00,0,0,'3021.00','2018-09-27 09:58:24','2018-09-27 09:58:24'),(14,'est','<p>&nbsp; &nbsp; &nbsp; &nbsp; &nbsp; &nbsp;Minima quos animi distinctio amet.\r\n &nbsp; &nbsp; &nbsp; &nbsp;</p>','https://lccdn.phphub.org/uploads/images/201806/01/5320/C0bVuKB2nt.jpg',0,0.00,0,0,'4170.00','2018-09-27 09:58:24','2018-09-27 16:08:47'),(15,'asperiores','Soluta distinctio veniam qui laudantium et quo ducimus.','https://lccdn.phphub.org/uploads/images/201806/01/5320/XrtIwzrxj7.jpg',1,0.00,0,0,'681.00','2018-09-27 09:58:24','2018-09-27 09:58:25'),(16,'velit','Molestiae assumenda iste voluptatum qui laborum.','https://lccdn.phphub.org/uploads/images/201806/01/5320/nIvBAQO5Pj.jpg',1,0.00,0,0,'4716.00','2018-09-27 09:58:24','2018-09-27 09:58:25'),(17,'nulla','Culpa et quisquam error eum.','https://lccdn.phphub.org/uploads/images/201806/01/5320/7kG1HekGK6.jpg',1,3.00,1,1,'3254.00','2018-09-27 09:58:24','2018-10-11 15:23:36'),(18,'dolores','Non tenetur labore sed omnis.','https://lccdn.phphub.org/uploads/images/201806/01/5320/pa7DrV43Mw.jpg',1,3.00,0,0,'1765.00','2018-09-27 09:58:24','2018-09-27 09:58:25'),(19,'et','Placeat et dolore cum quia illo a beatae.','https://lccdn.phphub.org/uploads/images/201806/01/5320/2JMRaFwRpo.jpg',1,4.00,0,0,'4636.00','2018-09-27 09:58:24','2018-09-27 09:58:25'),(20,'quo','Magni voluptatum deserunt saepe tempora.','https://lccdn.phphub.org/uploads/images/201806/01/5320/nIvBAQO5Pj.jpg',1,2.00,0,0,'1580.00','2018-09-27 09:58:24','2018-09-27 09:58:25'),(21,'corporis','Sit quo vel sunt sed blanditiis quaerat.','https://lccdn.phphub.org/uploads/images/201806/01/5320/uYEHCJ1oRp.jpg',1,5.00,0,0,'2939.00','2018-09-27 09:58:24','2018-09-27 09:58:25'),(22,'mollitia','Temporibus neque quos culpa possimus velit facere.','https://lccdn.phphub.org/uploads/images/201806/01/5320/2JMRaFwRpo.jpg',1,4.00,0,0,'2354.00','2018-09-27 09:58:24','2018-09-27 09:58:25'),(23,'aut','Eveniet sit tempora reprehenderit praesentium.','https://lccdn.phphub.org/uploads/images/201806/01/5320/7kG1HekGK6.jpg',1,3.00,0,0,'4891.00','2018-09-27 09:58:24','2018-09-27 09:58:25'),(24,'quis','Officiis itaque nulla odit beatae incidunt.','https://lccdn.phphub.org/uploads/images/201806/01/5320/82Wf2sg8gM.jpg',1,5.00,0,0,'3611.00','2018-09-27 09:58:24','2018-09-27 09:58:25'),(25,'veniam','Ab in sed laboriosam saepe.','https://lccdn.phphub.org/uploads/images/201806/01/5320/7kG1HekGK6.jpg',1,0.00,0,0,'648.00','2018-09-27 09:58:24','2018-09-27 09:58:25'),(26,'commodi','Voluptatem velit odit excepturi est esse.','https://lccdn.phphub.org/uploads/images/201806/01/5320/nIvBAQO5Pj.jpg',1,3.00,0,0,'1301.00','2018-09-27 09:58:24','2018-09-27 09:58:25'),(27,'qui','Eveniet veniam rerum aut adipisci voluptatum provident saepe atque.','https://lccdn.phphub.org/uploads/images/201806/01/5320/82Wf2sg8gM.jpg',1,1.00,0,0,'4898.00','2018-09-27 09:58:24','2018-09-27 09:58:25'),(28,'quia','Esse temporibus molestiae omnis facilis aut repellendus.','https://lccdn.phphub.org/uploads/images/201806/01/5320/nIvBAQO5Pj.jpg',1,0.00,0,0,'4268.00','2018-09-27 09:58:24','2018-09-27 09:58:25'),(29,'id','Et ut consequuntur beatae recusandae qui molestias.','https://lccdn.phphub.org/uploads/images/201806/01/5320/1B3n0ATKrn.jpg',1,5.00,0,0,'2277.00','2018-09-27 09:58:24','2018-09-27 09:58:25'),(30,'quidem','Dolorem cum exercitationem est expedita veniam facilis.','https://lccdn.phphub.org/uploads/images/201806/01/5320/C0bVuKB2nt.jpg',1,1.00,0,0,'1507.00','2018-09-27 09:58:24','2018-09-27 09:58:25');

/*Table structure for table `user_addresses` */

DROP TABLE IF EXISTS `user_addresses`;

CREATE TABLE `user_addresses` (
  `id` int(10) unsigned NOT NULL AUTO_INCREMENT,
  `user_id` int(10) unsigned NOT NULL,
  `province` varchar(191) COLLATE utf8mb4_unicode_ci NOT NULL,
  `city` varchar(191) COLLATE utf8mb4_unicode_ci NOT NULL,
  `district` varchar(191) COLLATE utf8mb4_unicode_ci NOT NULL,
  `address` varchar(191) COLLATE utf8mb4_unicode_ci NOT NULL,
  `zip` int(10) unsigned NOT NULL,
  `contact_name` varchar(191) COLLATE utf8mb4_unicode_ci NOT NULL,
  `contact_phone` varchar(191) COLLATE utf8mb4_unicode_ci NOT NULL,
  `last_used_at` datetime DEFAULT NULL,
  `created_at` timestamp NULL DEFAULT NULL,
  `updated_at` timestamp NULL DEFAULT NULL,
  PRIMARY KEY (`id`),
  KEY `user_addresses_user_id_foreign` (`user_id`),
  CONSTRAINT `user_addresses_user_id_foreign` FOREIGN KEY (`user_id`) REFERENCES `users` (`id`) ON DELETE CASCADE
) ENGINE=InnoDB AUTO_INCREMENT=5 DEFAULT CHARSET=utf8mb4 COLLATE=utf8mb4_unicode_ci;

/*Data for the table `user_addresses` */

insert  into `user_addresses`(`id`,`user_id`,`province`,`city`,`district`,`address`,`zip`,`contact_name`,`contact_phone`,`last_used_at`,`created_at`,`updated_at`) values (2,1,'广东省','深圳市','福田区','第99街道第758号',328400,'龙建国','18053753979','2018-10-12 16:12:05','2018-09-25 11:44:52','2018-10-12 16:12:05'),(3,1,'江苏省','南京市','浦口区','第27街道第379号',611800,'俞超','15693541825',NULL,'2018-09-25 11:44:52','2018-09-25 11:44:52'),(4,1,'江苏省','南京市','浦口区','第37街道第367号',433400,'谌敏','13964386426','2018-10-12 16:14:03','2018-09-25 11:44:52','2018-10-12 16:14:03');

/*Table structure for table `user_favorite_products` */

DROP TABLE IF EXISTS `user_favorite_products`;

CREATE TABLE `user_favorite_products` (
  `id` int(10) unsigned NOT NULL AUTO_INCREMENT,
  `user_id` int(10) unsigned NOT NULL,
  `product_id` int(10) unsigned NOT NULL,
  `created_at` timestamp NULL DEFAULT NULL,
  `updated_at` timestamp NULL DEFAULT NULL,
  PRIMARY KEY (`id`),
  KEY `user_favorite_products_user_id_foreign` (`user_id`),
  KEY `user_favorite_products_product_id_foreign` (`product_id`),
  CONSTRAINT `user_favorite_products_product_id_foreign` FOREIGN KEY (`product_id`) REFERENCES `products` (`id`) ON DELETE CASCADE,
  CONSTRAINT `user_favorite_products_user_id_foreign` FOREIGN KEY (`user_id`) REFERENCES `users` (`id`) ON DELETE CASCADE
) ENGINE=InnoDB AUTO_INCREMENT=2 DEFAULT CHARSET=utf8mb4 COLLATE=utf8mb4_unicode_ci;

/*Data for the table `user_favorite_products` */

insert  into `user_favorite_products`(`id`,`user_id`,`product_id`,`created_at`,`updated_at`) values (1,1,2,'2018-10-12 16:03:44','2018-10-12 16:03:44');

/*Table structure for table `users` */

DROP TABLE IF EXISTS `users`;

CREATE TABLE `users` (
  `id` int(10) unsigned NOT NULL AUTO_INCREMENT,
  `name` varchar(191) COLLATE utf8mb4_unicode_ci NOT NULL,
  `email` varchar(191) COLLATE utf8mb4_unicode_ci NOT NULL,
  `password` varchar(191) COLLATE utf8mb4_unicode_ci NOT NULL,
  `remember_token` varchar(100) COLLATE utf8mb4_unicode_ci DEFAULT NULL,
  `email_verified` tinyint(1) NOT NULL DEFAULT '0',
  `created_at` timestamp NULL DEFAULT NULL,
  `updated_at` timestamp NULL DEFAULT NULL,
  PRIMARY KEY (`id`),
  UNIQUE KEY `users_email_unique` (`email`)
) ENGINE=InnoDB AUTO_INCREMENT=2 DEFAULT CHARSET=utf8mb4 COLLATE=utf8mb4_unicode_ci;

/*Data for the table `users` */

insert  into `users`(`id`,`name`,`email`,`password`,`remember_token`,`email_verified`,`created_at`,`updated_at`) values (1,'123123','1581176417@qq.com','$2y$10$PUPg..4s/.wugbnxXbcFZublB1E.wGAdJZIPHDCjIDnDf3N70Z7R.','92RjIllvsPF87ZaqQBnTDUbCSC0fAPgDXXXf38CVgEQYLsadeFloqM3ubdin',1,'2018-09-25 11:44:44','2018-09-25 12:57:58');

/*!40101 SET SQL_MODE=@OLD_SQL_MODE */;
/*!40014 SET FOREIGN_KEY_CHECKS=@OLD_FOREIGN_KEY_CHECKS */;
/*!40014 SET UNIQUE_CHECKS=@OLD_UNIQUE_CHECKS */;
/*!40111 SET SQL_NOTES=@OLD_SQL_NOTES */;
